Smiles,Label
CC[C@@H]1C(=O)N(C2=CN=C(N=C2N1C3CCCC3)NC4=C(C=C(C=C4)C(=O)NC5CCN(CC5)C)OC)C,1
CC[C@@H]1C2=C(N=CN2C3=CN=C(N=C3N1C(C)C)NC4=C(C=C(C(=C4)F)C(=O)NC5CCN(CC5)CC)OC)C#N,1
CN(C)C1CCN(CC1)C2=CC(=C(C=C2)NC3=NC=C(C(=N3)NC4=C(SC=C4)C(=O)OC)[N+](=O)[O-])OC,1
CN1CCN(CC1)C2CCN(CC2)C3=CC=C(C=C3)NC4=NC=C(C(=N4)NC5=C(SC=C5)C(=O)OC)[N+](=O)[O-],1
CN(C)CC(=O)N1CCC2=CC(=C(C=C21)NC3=NC=C(C(=N3)NC4=CC=CC=C4C(=O)OC)[N+](=O)[O-])OC,1
COC1=C(C=CC(=C1)N2CCC(CC2)N3CCCC3)NC4=NC=C(C(=N4)NC5=CC=CC=C5C(=O)OC)[N+](=O)[O-],1
CN(C)CC(=O)N1CCC2=CC(=C(C=C21)NC3=NC=C(C(=N3)NC4=C(SC=C4)C(=O)OC)C(F)(F)F)OC,1
CN(C)C1CCN(CC1)C2=CC(=C(C=C2)NC3=NC=C(C(=N3)NC4=CC=CC=C4C(=O)OC)[N+](=O)[O-])OC,1
CC[C@@H]1C(=O)N(C2=CN=C(N=C2N1C3CCCC3)NC4=C(C=C(C=C4)C(=O)NC5CCN(CC5)C)OC)C,1
C[C@H](C1=CC=CC=C1Cl)OC2=C(SC(=C2)N3C=NC4=CC(=C(C=C43)OC)OC)C(=O)N,1
CN1CCC(CC1)NC(=O)C2=CC(=C(C=C2F)NC3=NC=C4C(=N3)N(CC(C(=O)N4C)(F)F)C5CCCC5)OC,1
CC[C@@H]1C(=O)N(C2=CN=C(N=C2N1C3CCCC3)NC4=C(C=C(C=C4)C(=O)NC5CCN(CC5)C)OC)C,1
CC[C@@H]1C(=O)N(C2=CN=C(N=C2N1C(C)C)NC3=C(C=C(C=C3)C(=O)NC4CCC(CC4)N5CCN(CC5)CC6CC6)OC)C,1
C[C@H](C1=CC=CC=C1Cl)OC2=C(SC(=C2)N3C=NC4=C3C=C(C=C4)OC)C(=O)N,1
C[C@H](C1=CC=CC=C1Cl)OC2=C(SC(=C2)N3C=NC4=C3C=C(C=C4)OC[C@H](CO)O)C(=O)N,1
C[C@H](C1=CC=CC=C1Cl)OC2=C(SC(=C2)N3C=NC4=C3C=CC(=C4)C5=CC(=NC=C5)NCCO)C(=O)N,1
C[C@H](C1=CC=CC=C1C(F)(F)F)OC2=C(SC(=C2)N3C=NC4=C3C=CC(=C4)C5=CNN=C5)C(=O)N,1
C[C@H](C1=CC=CC=C1Cl)OC2=C(SC(=C2)N3C=NC4=C3C=C(C=C4)C5=CN(N=C5)C)C(=O)N,1
C[C@H](C1=CC=CC=C1C(F)(F)F)OC2=C(SC(=C2)N3C=NC4=C3C=CC(=C4)C5=CN=CC=C5)C(=O)N,1
C[C@H](C1=CC=CC=C1C(F)(F)F)OC2=C(SC(=C2)N3C=NC4=C3C=CC(=C4)C5=CN(N=C5)C)C(=O)N,1
C[C@H](C1=CC=CC=C1C(F)(F)F)OC2=C(SC(=C2)N3C=NC4=C3C=CC(=C4)C5=NC(=NC=C5)N)C(=O)N,1
C[C@H](C1=CC=CC=C1Cl)OC2=C(SC(=C2)N3C=NC4=C3C=CC(=C4)C5=NC(=NC=C5)NC6CCN(CC6)C)C(=O)N,1
C[C@H](C1=CC=CC=C1Cl)OC2=C(SC(=C2)N3C=NC4=C3C=CC(=C4)C5=CN(N=C5)CCN6CCOCC6)C(=O)N,1
C[C@H](C1=CC=CC=C1Cl)OC2=C(SC(=C2)N3C=NC4=C3C=CC(=C4)C5=CC=NC=C5)C(=O)N,1
C[C@H](C1=CC=CC=C1C(F)(F)F)OC2=C(SC(=C2)N3C=NC4=C3C=CC(=C4)C5=CC(=NC=C5)N)C(=O)N,1
C[C@H](C1=CC=CC=C1Cl)OC2=C(SC(=C2)N3C=NC4=C3C=CC(=C4)C5=CC(=NC=C5)NC6CCN(CC6)C)C(=O)N,1
C[C@H](C1=CC=CC=C1Cl)OC2=C(SC(=C2)N3C=NC4=C3C=CC(=C4)C5=CN(N=C5)C)C(=O)N,1
C[C@H](C1=CC=CC=C1Cl)OC2=C(SC(=C2)N3C=NC4=C3C=CC(=C4)C5=CC(=NC=C5)NCCS(=O)(=O)C)C(=O)N,1
C[C@H](C1=CC=CC=C1Cl)OC2=C(SC(=C2)N3C=NC4=C3C=CC(=C4)C5=CN(N=C5)CCN6CCN(CC6)C)C(=O)N,1
CC1=NC=CC(=C1)C2=CC3=C(C=C2)N(C=N3)C4=CC(=C(S4)C(=O)N)O[C@H](C)C5=CC=CC=C5C(F)(F)F,1
C[C@H](C1=CC=CC=C1C(F)(F)F)OC2=C(SC(=C2)N3C=NC4=C3C=CC(=C4)C5=CN=C(N=C5)N)C(=O)N,1
CCN1CCN(CC1)CCCN2C=C(C=N2)C3=CC4=C(C=C3)N(C=N4)C5=CC(=C(S5)C(=O)N)O[C@H](C)C6=CC=CC=C6Cl,1
C[C@H](C1=CC=CC=C1C(F)(F)F)OC2=C(SC(=C2)N3C=NC4=C3C=CC(=C4)C5=CC=NC=C5)C(=O)N,1
CN(C)CCCC1=CC(=CC(=C1)Cl)NC2=NC=C3CC(=S)NC4=C(C3=N2)C=CC(=C4)Cl,1
CN(C)CCCC1=C(C=CC(=C1)NC2=NC=C3CC(=S)NC4=C(C3=N2)C=CC(=C4)Cl)OC,1
CN(C)CCCC1=CC(=C(C=C1)Cl)NC2=NC=C3CC(=S)NC4=C(C3=N2)C=CC(=C4)Cl,1
CN(C)CCCC1=CC(=CN=C1)NC2=NC=C3CC(=S)NC4=C(C3=N2)C=CC(=C4)Cl,1
CN(C)CCCC1=C(C=CC(=C1)NC2=NC=C3CC(=S)NC4=C(C3=N2)C=CC(=C4)Cl)C(F)(F)F,1
CN1CCC(CC1)NC(=O)C2=CC=C(C=C2)NC3=NC=C4C(=N3)N(CC(C(=O)N4C)(F)F)C5CCCC5,1
CN1CCC(CC1)NC(=O)C2=CC(=C(C=C2)NC3=NC=C4C(=N3)N(C[C@@H](C(=O)N4C)CC=C)C5CCCC5)OC,1
CN1CCC(CC1)NC(=O)C2=CC(=C(C=C2Cl)NC3=NC=C4C(=N3)N(CC(C(=O)N4C)(F)F)C5CCCC5)OC,1
CN1CCN(CC1)C2=CC(=C(C=C2)OC(F)(F)F)NC3=NC=C4CCC5=C(C4=N3)N(N=C5C(=O)N)C,1
CN1CCN(CC1)C2=CC(=C(C=C2)OC(F)(F)F)NC3=NC=C4CCC5=C(C4=N3)N(N=C5C(=O)N)C=C,1
C[C@@H]1C(=O)N(C2=CN=C(N=C2N1C3CCCC3)NC4=C(C=C(C=C4)C(=O)NC5CCN(CC5)C)OC)C,1
COC(=O)C1=C(C=CS1)NC2=NC(=NC=C2[N+](=O)[O-])NC3=CC=C(C=C3)N4CCC(CC4)O,1
CC[C@@H]1C2=C(N=CN2C3=CN=C(N=C3N1C4CCCCC4)NC5=C(C=C(C(=C5)F)C(=O)NC6CCN(CC6)C)OC)C#N,1
CN(C)C1CCN(CC1)C2=CC(=C(C=C2)NC3=NC=C(C(=N3)NC4=C(SC=C4)C(=O)OC)Br)OC,1
CC[C@@H]1C2=C(N=CN2C3=CN=C(N=C3N1C4CCCC4)NC5=C(C=C(C=C5)C(=O)NC6CCN(CC6)C)OC)C(=O)O,1
CC[C@@H]1C2=C(N=CN2C3=CN=C(N=C3N1C4CCCC4)NC5=C(C=C(C=C5)C(=O)NC6CCN(CC6)C)OC)C#N,1
COC1=C(C=CC(=C1)N2CCC(CC2)N3CCCC3)NC4=NC=C(C(=N4)NC5=C(SC=C5)C(=O)OC)[N+](=O)[O-],1
CC[C@@H]1C2=C(N=CN2C3=CN=C(N=C3N1C(C)C)NC4=C(C=C(C(=C4)F)C(=O)NC5CN(C5)C)OC)C#N,1
CC1=CN=C(N=C1NC2=C(SC=C2)C(=O)OC)NC3=C(C=C(C=C3)N4CCC(CC4)N(C)C)OC,1
CC[C@@H]1C2=C(N=CN2C3=CN=C(N=C3N1C(C)C)NC4=C(C=C(C(=C4)F)C(=O)NC5CCN(CC5)C)OC)C#N,1
COC1=C(C=C2C(=C1)N=CN2C3=CC(=C(S3)C(=O)N)OCC4=CC=CC=C4Cl)OC,1
COC1=C(C=C2C(=C1)N=CN2C3=CC(=C(S3)C(=O)N)OCC4=CC=CC=C4Br)OC,1
COC1=C(C=C2C(=C1)N=CN2C3=CC(=C(S3)C(=O)O)OCC4=CC=CC=C4C(F)(F)F)OC,1
COC1=CC2=C(C=C1)N=CN2C3=CC(=C(S3)C(=O)N)OCC4=CC=CC=C4C(F)(F)F,1
COC1=C(C=C2C(=C1)N=CN2C3=CC(=C(S3)C(=O)N)OCC4=CC=CC=C4C(F)(F)F)OC,1
COC1=C(C=C2C(=C1)N=CN2C3=CC(=C(S3)C(=O)N)OCC4=C(C=CS4)Cl)OC,1
C[C@H](C1=CC=CC=C1Cl)OC2=C(SC(=C2)N3C=NC4=C3C=C(C=C4)OC5CCN(CC5)C)C(=O)N,1
C[C@H](C1=CC=CC=C1C(F)(F)F)OC2=C(SC(=C2)N3C=NC4=C3C=C(C=C4)OC5CCN(CC5)C)C(=O)N,1
C[C@H](C1=CC=CC=C1Cl)OC2=C(SC(=C2)N3C=NC4=C3C=CC(=C4)C5=CN(N=C5)CCCN(C)C)C(=O)N,1
C[C@H](C1=CC=CC=C1C(F)(F)F)OC2=C(SC(=C2)N3C=NC4=C3C=C(C=C4)C5=CC=NC=C5)C(=O)N,1
C[C@H](C1=CC=CC=C1C(F)(F)F)OC2=C(SC(=C2)N3C=NC4=C3C=C(C=C4)C5=CN=CC=C5)C(=O)N,1
C[C@H](C1=CC=CC=C1Cl)OC2=C(SC(=C2)N3C=NC4=C3C=CC(=C4)C5=CN=C(C=C5)NC6CCN(CC6)C)C(=O)N,1
C[C@H](C1=CC=CC=C1Cl)OC2=C(SC(=C2)N3C=NC4=C3C=C(C=C4)C5=CC=NC=C5)C(=O)N,1
C[C@H](C1=CC=CC=C1Cl)OC2=C(SC(=C2)N3C=NC4=C3C=CC(=C4)C5=CC(=NC=C5)N6CCN(CC6)C)C(=O)N,1
CN1C2=C(CCC3=CN=C(N=C32)NC4=C(C=CC(=C4)N5CCNCC5)OC(F)(F)F)C(=N1)C(=O)N,1
CN1CCN(CC1)C2=CC(=C(C=C2)OC(F)(F)F)NC3=NC=C4CCC5=C(C4=N3)N(N=C5C(=O)N)CCO,1
CC1=C(C=C(C=N1)CCCN(C)C)NC2=NC=C3CC(=S)NC4=C(C3=N2)C=CC(=C4)C(F)(F)F,1
CN(C)CCCC1=C(C=CC(=C1)NC2=NC=C3CC(=S)NC4=C(C3=N2)C=CC(=C4)Cl)F,1
CC1=C(C=C(C=C1)CCCN(C)C)NC2=NC=C3CC(=S)NC4=C(C3=N2)C=CC(=C4)Cl,1
CC1=C(C=C(C=N1)CCCN(C)C)NC2=NC=C3CC(=S)NC4=C(C3=N2)C=CC(=C4)Cl,1
CN1CCC(CC1)NC(=O)C2=CC(=C(C=C2F)NC3=NC=C4C(=N3)N(CC(C(=O)N4C)(F)F)C5CCCC5)OC,1
CC[C@]1(CN(C2=NC(=NC=C2N(C1=O)C)NC3=C(C=C(C=C3)C(=O)NC4CCN(CC4)C)OC)C5CCCC5)F,1
CC[C@@H]1C2=C(N=CN2C3=CN=C(N=C3N1C4CCCC4)NC5=C(C=C(C=C5)C(=O)NC6CCN(CC6)C)OC)C(=O)N,1
CC[C@@H]1C2=C(N=CN2C3=CN=C(N=C3N1C4CCCC4)NC5=C(C=C(C=C5)C(=O)NC6CCN(CC6)C)OC)C(=O)OCC,1
CC[C@@H]1C2=C(N=CN2C3=CN=C(N=C3N1C4CCCC4)NC5=C(C=C(C(=C5)F)C(=O)NC6CCN(CC6)C)OC)C#N,1
CC[C@@H]1C2=C(N=CN2C3=CN=C(N=C3N1C4CCCC4)NC5=C(C=C(C=C5)C(=O)NC6CCN(CC6)C)OC)CO,1
COC1=C(C=C2C(=C1)N=CN2C3=CC(=C(S3)C(=O)N)C4=CC(=CC=C4)C(F)(F)F)OC,1
COC1=C(C=C2C(=C1)N=CN2C3=CC(=C(S3)C(=O)N)OCC4=CC=CC=C4C(F)(F)F)OC,1
CC1=CN=C(N=C1NC2=C(SC=C2)C(=O)OC)NC3=C(C=C(C=C3)N4CCC(CC4)N5CCCC5)OC,1
CC[C@@H]1C(=O)N(C2=CN=C(N=C2N1C(C)C)NC3=C(C=C(C=C3)C(=O)NC4CCC(CC4)N5CCN(CC5)CC6CC6)OC)C,1
CC[C@@H]1C(=O)N(C2=CN=C(N=C2N1C(C)C)NC3=C(C=C(C=C3)C(=O)NC4CCC(CC4)N5CCN(CC5)CC6CC6)OC)C,1
CC[C@@H]1C(=O)N(C2=CN=C(N=C2N1C3CCCC3)NC4=C(C=C(C=C4)C(=O)NC5CCN(CC5)C)OC)C,1
CN(C)C1CCN(CC1)C2=CC(=C(C=C2)NC3=NC=C(C(=N3)NC4=C(SC=C4)C(=O)OC)C#N)OC,1
C[C@H](C1=CC=CC=C1Cl)OC2=C(SC(=C2)N3C=NC4=C3C=C(C=C4)O[C@H]5CCCN(CC5)C)C(=O)N,1
C[C@H](C1=CC=CC=C1C(F)(F)F)OC2=C(SC(=C2)N3C=NC4=C3C=C(C=C4)OC)C(=O)N,1
C[C@H](C1=CC=CC=C1C(F)(F)F)OC2=C(SC(=C2)N3C=NC4=C3C=C(C=C4)OC5CCNCC5)C(=O)N,1
C[C@H](C1=CC=CC=C1Cl)OC2=C(SC(=C2)N3C=NC4=C3C=C(C=C4)OC[C@@H](CN5CCCC5)O)C(=O)N,1
C[C@H](C1=CC=CC=C1C(F)(F)F)OC2=C(SC(=C2)N3C=NC4=C3C=CC(=C4)C5=CC=CS5)C(=O)N,1
C[C@H](C1=CC=CC=C1C(F)(F)F)OC2=C(SC(=C2)N3C=NC4=C3C=CC(=C4)C5=CC(=NC=C5)N6CCN(CC6)C)C(=O)N,1
C[C@H](C1=CC=CC=C1C(F)(F)F)OC2=C(SC(=C2)N3C=NC4=C3C=CC(=C4)C5=CC(=NC=C5)NCCN(C)C)C(=O)N,1
CN1CCN(CC1)C2=CC(=C(C=C2)OC(F)(F)F)NC3=NC=C4CCC5=C(C4=N3)N(N=C5C(=O)N)C,1
CN1CCC(=CC1)C2=CC(=C(C=C2)OC(F)(F)F)NC3=NC=C4CCC5=C(C4=N3)N(N=C5C(=O)N)C,1
CN1CCN(CC1)NC(=O)C2=CC(=C(C=C2)NC3=NC=C4C(=N3)N(C[C@@](C(=O)N4C)(C=C)F)C5CCCC5)OC,1
COC1=C(C=CC(=C1)CNCC2=CC=NC=C2)OCC3=CC=C(C=C3)Cl,1
C[C@H](C1=CC=CC=C1Cl)OC2=C(SC(=C2)N3C=NC4=C3C=C(C=C4)OC[C@H](CN5CCCC5)O)C(=O)N,1
CN1CCN(CC1)C2=CC(=C(C=C2)OC(F)(F)F)NC3=NC=C4CCC5=C(C4=N3)N(N=C5C(=O)N)CCO,1
COC1=C(C=CC(=C1)N2CCC(CC2)N3CCCC3)NC4=NC=C(C(=N4)NC5=C(SC=C5)C(=O)OC)C(F)(F)F,1
COC1=C(C=CC(=C1)N2CCC(CC2)N3CCCC3)NC4=NC=C(C(=N4)NC5=C(SC=C5)C(=O)OC)Br,1
CC[C@@H]1C(=O)N(C2=CN=C(N=C2N1C3CCCC3)NC4=C(C=C(C(=C4)F)C(=O)NC5CCN(CC5)C)OCCO)C,1
CN1CCN(CC1)C2=CC(=C(C=C2)NC3=NC=C(C(=N3)NC4=C(C=CS4)C(=O)OC)[N+](=O)[O-])OC,1
COC1=C(C=CC(=C1)N2CCC(CC2)N3CCCC3)NC4=NC=C(C(=N4)NC5=C(SC=C5)C(=O)OC)C#N,1
CC[C@@H]1C(=O)N(C2=CN=C(N=C2N1C3CCCC3)NC4=C(C=C(C(=C4)F)C(=O)NC5CCCC5)OCCO)C,1
CC[C@@H]1C2=C(N=CN2C3=CN=C(N=C3N1C(C)C)NC4=C(C=C(C(=C4)F)C(=O)NC5CCC(CC5)N6CCN(CC6)CC7CC7)OC)C#N,1
CC1=CC=CC=C1COC2=C(SC(=C2)N3C=NC4=C3C=C(C=C4)Cl)C(=O)N,1
C[C@H](C1=CC=CC=C1Cl)OC2=C(SC(=C2)N3C=NC4=C3C=C(C=C4)OCCCN(C)C)C(=O)N,1
C[C@H](C1=CC=CC=C1Cl)OC2=C(SC(=C2)N3C=NC4=C3C=C(C=C4)O[C@@H]5CCCN(CC5)C)C(=O)N,1
C[C@H](C1=CC=CC=C1C(F)(F)F)OC2=C(SC(=C2)N3C=NC4=C3C=CC(=C4)C5=CC(=NC=C5)Cl)C(=O)N,1
CN1CCN(CC1)C2=CC(=C(C=C2)OC(F)(F)F)NC3=NC=C4CCC5=C(C4=N3)N(N=C5C(=O)N)CCF,1
CN1CCN(CC1)C2=CC(=C(C=C2)OC(F)(F)F)NC3=NC=C4CCC5=C(NN=C5C4=N3)C(=O)N,1
CN(C)CCCC1=CC(=C(C=C1)C(F)(F)F)NC2=NC=C3CC(=S)NC4=C(C3=N2)C=CC(=C4)Cl,1
CN1CCC(CC1)NC(=O)C2=CC(=C(C=C2)NC3=NC=C4C(=N3)N(CC(C(=O)N4C)(F)F)C5CCCC5)OC,1
CC[C@@H]1C(=O)N(C2=CN=C(N=C2N1C3CCCC3)NC4=C(C=C(C=C4)C(=O)NC5CCN(CC5)C)OC)C,1
CC[C@@H]1C(=O)N(C2=CN=C(N=C2N1C(C)C)NC3=C(C=C(C=C3)C(=O)NC4CCN(CC4)C)OC)C,1
CC[C@@H]1C(=O)N(C2=CN=C(N=C2N1C3CCCCC3)NC4=C(C=C(C=C4)C(=O)NC5CCN(CC5)C)OC)C,1
CC[C@@H]1C(=O)N(C2=CN=C(N=C2N1C3CCCC3)NC4=C(C=C(C=C4)C(=O)NC5CCN(CC5)C)OCCO)C,1
CN(C)CC(=O)N1CCC2=CC(=C(C=C21)NC3=NC=C(C(=N3)NC4=C(SC=C4)C(=O)OC)Br)OC,1
CN1CCN(CC1)C2=CC=C(C=C2)NC3=NC=C(C(=N3)NC4=C(SC=C4)C(=O)OC)[N+](=O)[O-],1
CN(C)C1CCN(CC1)C2=CC(=C(C=C2)NC3=NC=C(C(=N3)NC4=C(SC=C4)C(=O)OC)C(F)(F)F)OC,1
CN1CCN(CC1)C2=CC(=C(C=C2)NC3=NC=C(C(=N3)NC4=C(SC=C4)C(=O)OC)[N+](=O)[O-])OC,1
CC1=CN=C(N=C1NC2=C(SC=C2)C(=O)OC)NC3=C(C=C4CCN(C4=C3)C(=O)CN(C)C)OC,1
CN(C)CC(=O)N1CCC2=CC(=C(C=C21)NC3=NC=C(C(=N3)NC4=C(SC=C4)C(=O)OC)C#N)OC,1
C[C@H](C1=C(C=C(C=C1)CO)Cl)OC2=C(SC(=C2)C3=CN=C4N3C=CC=C4)C(=O)N,1
CN1CCN(CC1)C2=CC=C(C=C2)NC3=NC=C(C(=N3)NC4=C(C=CS4)C(=O)OC)[N+](=O)[O-],1
COC1=C(C=C2C(=C1)N=CN2C3=CC(=C(S3)C(=O)N)OCC4=CC=CC=C4OC(F)(F)F)OC,1
C[C@H](C1=CC=CC=C1C(F)(F)F)OC2=C(SC(=C2)N3C=NC4=C3C=CC(=C4)C5=CC=CN5)C(=O)N,1
C[C@H](C1=CC=CC=C1C(F)(F)F)OC2=C(SC(=C2)N3C=NC4=C3C=CC(=C4)C5=CC(=NC=C5)N6CCOCC6)C(=O)N,1
CN(C)CCCC1=CC(=CC=C1)NC2=NC=C3CC(=S)NC4=C(C3=N2)C=CC(=C4)Cl,1
CN1CCC(CC1)NC(=O)C2=CC(=C(C=C2)NC3=NC=C4C(=N3)N(C[C@@](C(=O)N4C)(C=C)F)C5CCCC5)OC,1
CC[C@@H]1C(=O)N(C2=CN=C(N=C2N1C3CCCC3)NC4=CC=C(C=C4)C(=O)NC5CCN(CC5)C)C,1
CN1CCN(CC1)C2=CC(=C(C=C2)OC(F)(F)F)NC3=NC=C4CCC5=C(C4=N3)N(N=C5C(=O)N)CCF,1
CC1=C(C=C(C=C1)N2CCN(CC2)C)NC3=NC=C4CCC5=C(C4=N3)N(N=C5C(=O)[O-])C,1
CN(C)CC(=O)N1CCC2=CC(=C(C=C21)NC3=NC=C(C(=N3)NC4=C(C=CS4)C(=O)OC)[N+](=O)[O-])OC,1
CC[C@@H]1C(=O)N(C2=CN=C(N=C2N1C3CCCC3)NC4=C(C=C(C(=C4)F)C(=O)NC5CCOCC5)OCCO)C,1
COC1=C(C=CC(=C1)N2CCC(CC2)N3CCCC3)NC4=NC=C(C(=N4)NC5=C(C=CS5)C(=O)OC)[N+](=O)[O-],1
CC[C@@H]1C(=O)N(C2=CN=C(N=C2N1C3CCCC3)NC4=C(C=C(C=C4)C(=O)NC5CCN(CC5)C)OC)C,1
CC[C@@H]1C(=O)N(C2=CN=C(N=C2N1C3CCCC3)NC4=C(C=C(C=C4)C(=O)NC5CCCC5)C)C,1
CC[C@@H]1C(=O)N(C2=CN=C(N=C2N1C3CCCC3)NC4=C(C=C(C=C4)C(=O)C)OCCO)C,1
CC(=O)O[C@@H]1C[C@]2([C@@H](CCC2=O)C3=C1[C@]4([C@H](OC(=O)C5=COC(=C54)C3=O)COC)C)C,1
CC[C@@H]1C(=O)N(C2=CN=C(N=C2N1C3CCCC3)NC4=C(C=C(C=C4)C(=O)NC5CCCC5)O)C,1
COC1=C(C=C2C(=C1)N=CN2C3=CC(=C(S3)C(=O)N)OCC4=CC=CC=C4C#N)OC,1
COC1=C(C=C2C(=C1)N=CN2C3=CC(=C(S3)C(=S)N)OCC4=CC=CC=C4C(F)(F)F)OC,1
C[C@H](C1=CC=CC=C1Cl)OC2=C(SC(=C2)N3C=NC4=C3C=C(C=C4)OCC5CCN(CC5)C)C(=O)N,1
C1CC2=C(C3=NC(=NC=C31)NC4=CC=CC=C4)N(N=C2C(=O)N)CC(F)(F)F,1
C[C@H](C1=CC=CC=C1C(F)(F)F)OC2=C(SC(=C2)N3C=NC4=C3C=CC(=C4)C5=CC=CC=N5)C(=O)N,1
C[C@H](C1=CC=CC=C1C(F)(F)F)OC2=C(SC(=C2)N3C=NC4=C3C=CC(=C4)C5=CC=CC=C5)C(=O)N,1
CCN1C2=C(CCC3=CN=C(N=C32)NC4=C(C=CC(=C4)N5CCN(CC5)C)OC(F)(F)F)C(=N1)C(=O)N,1
CN1CCN(CC1)C2=CC(=C(C=C2)OC(F)(F)F)NC3=NC=C4CCC5=C(C4=N3)N(N=C5C(=O)N)C=C,1
CN1CCC(CC1)C2=CC(=C(C=C2)OC(F)(F)F)NC3=NC=C4CCC5=C(C4=N3)N(C=C5C(=O)N)C,1
CN(C)CC(=O)N1CCC2=CC(=C(C=C21)NC3=NC=C(C(=N3)NC4=C(SC=C4)C(=O)OC)[N+](=O)[O-])OC,1
CC[C@@H]1C(=O)N(C2=CN=C(N=C2N1C3CCCC3)NC4=C(C=C(C=C4)C(=O)NC(C)C)OCCO)C,1
C[C@H](C1=CC=CC=C1Cl)OC2=C(SC(=C2)C3=CN=C4N3C=CC=C4)C(=O)N,1
C[C@H](C1=CC=CC=C1C(F)(F)F)OC2=C(SC(=C2)N3C=NC4=C3C=C(C=C4)OCC5CCN(CC5)C)C(=O)N,1
CN1CCN(CC1)C2=CC(=C(C=C2)OC)NC3=NC=C4CCC5=C(C4=N3)N(N=C5C(=O)N)C,1
CN1CCN(CC1)C2=CC(=C(C=C2)OC(F)(F)F)NC3=NC=C4CCC5=C(C4=N3)N(N=C5C(=O)N)CCCl,1
CN(C)CCCC1=CC(=C(C=C1)OC(F)(F)F)NC2=NC=C3CC(=S)NC4=C(C3=N2)C=CC(=C4)Cl,1
CC[C@@H]1C2=C(N=CN2C3=CN=C(N=C3N1C4CCCC4)NC5=C(C=C(C=C5)C(=O)NC6CCN(CC6)C)OC)C(=O)N(C)O,1
CN1C2=C(CCC3=CN=C(N=C32)NC4=C(C=CC(=C4)CO)OC)C(=N1)C(=O)N,1
CC[C@@H]1C(=O)N(C2=CN=C(N=C2N1C3CCCC3)NC4=C(C=C(C=C4)C(=O)NC5CCN(CC5)C)OC)C,1
CC[C@@H]1C(=O)N(C2=CN=C(N=C2N1C3CCCC3)NC4=C(C=C(C(=C4)F)C(=O)NC(C)C)OCCO)C,1
CCC1C(=O)N(C2=CN=C(N=C2N1C3CCCC3)NC4=C(C=C(C(=C4)F)C(=O)NC5CCCC5)OCCO)C,1
C[C@H](C1=CC=CC=C1Cl)OC2=C(SC(=C2)C3=CN=C4N3C=C(C=C4)CO)C(=O)N,1
CN(C)C1CCN(CC1)C2=CC(=C(C=C2)NC3=NC=C(C(=N3)NC4=C(C=CS4)C(=O)OC)[N+](=O)[O-])OC,1
CC[C@@H]1C(=O)N(C2=CN=C(N=C2N1C3CCCC3)NC4=C(C=C(C(=C4)F)C(=O)NCC)OCCO)C,1
COC1=CC=CC=C1COC2=C(SC(=C2)N3C=NC4=CC(=C(C=C43)OC)OC)C(=O)N,1
COC1=CC2=C(C=C1)N(C=N2)C3=CC(=C(S3)C(=O)N)OCC4=CC=CC=C4C(F)(F)F,1
C[C@H](C1=CC=CC=C1Cl)OC2=C(SC(=C2)N3C=NC4=C3C=CC(=C4)C5=CC(=NC=C5)N6CCNCC6)C(=O)N,1
CCN1CCN(CC1)C2=CC(=C(C=C2)OC(F)(F)F)NC3=NC=C4CCC5=C(C4=N3)N(N=C5C(=O)N)C,1
CC(C)C1=C(C=C(C=C1)CCCN(C)C)NC2=NC=C3CC(=S)NC4=C(C3=N2)C=CC(=C4)Cl,1
CC[C@@H]1C(=O)N(C2=CN=C(N=C2N1C3CCCC3)N4C=CN=C4C5=CC=CC=C5)C,1
C[C@H]([C@H]1C(=O)NCCCCC[N+]2=CN(C(=C2)C[C@@H](C(=O)N[C@H](C(=O)N1)CO)NC(=O)C)CCCCCCCCC3=CC=CC=C3)OP(=O)(O)O,1
CC[C@@H]1C(=O)N(C2=CN=C(N=C2N1C3CCCC3)NC4=C(C=C(C=C4)C(=O)NC5CCN(CC5)C)OC)C,1
CN1CCC(=CC1)C2=CC(=C(C=C2)OC(F)(F)F)NC3=NC=C4CCC5=C(C4=N3)N(N=C5C(=O)N)C,1
CN1CCN(CC1)C2CCN(CC2)C3=CC(=C(C=C3)NC4=NC=C(C(=N4)NC5=C(SC=C5)C(=O)OC)[N+](=O)[O-])OC,1
C[C@@H]1C(=O)N(C2=CN=C(N=C2N1C3CCCC3)NC4=C(C=C(C=C4)C(=O)NC5=CCN(C=C5)C)OC)C,1
C[C@@H]1C(=O)N(C2=CN=C(N=C2N1C3CCCCC3)NC4=C(C=C(C=C4)C(=O)NC5CCN(CC5)C)OC)C,1
CC[C@@H]1C2=C(N=CN2C3=CN=C(N=C3N1C(C)C)NC4=C(C=C(C=C4)C(=O)NC5CCN(CC5)C)OC)C#N,1
C[C@H]1C(=O)N(C2=CN=C(N=C2N1C3CCCC3)NC4=C(C=C(C=C4)C(=O)NC5CCN(CC5)C)OC)C,1
CC(=O)N1CCN(CC1)C2=CC=C(C=C2)NC3=NC=C(C(=N3)N4CC5=C(C4)C(=CC=C5)N(C)S(=O)(=O)C)C(F)(F)F,1
C1=CC=C(C(=C1)COC2=C(SC(=C2)N3C=NC4=C3C=C(C=C4)C(F)(F)F)C(=O)N)Br,1
CC(C1=CC=CC=C1C(F)(F)F)OC2=C(SC(=C2)N3C=NC4=CC=CC=C43)C(=O)N,1
CN1CCC(CC1)OC2=CC3=C(C=C2)N=CN3C4=CC(=C(S4)C(=O)N)OCC5=CC=CC=C5C(F)(F)F,1
CC(C1=CC=CC=C1C(F)(F)F)OC2=C(SC(=C2)N3C=NC4=C3C=C(C=C4)OC5CCN(CC5)C)C(=O)N,1
CN1CCN(CC1)C2=CC(=C(C=C2)OC(F)(F)F)NC3=NC=CC(=N3)C4=CC5=C(N4C)CCNC5=O,1
COC1=C(C=C(C=C1)CS(=O)(=O)/C=C/C2=C(C=C(C=C2OC)OC)OC)NCC(=O)O,1
C[C@@H]1C(=O)N(C2=CN=C(N=C2N1C3CCCC3)NC4=C(C=C(C=C4)C(=O)NC5CCNCC5)OC)C,1
CC(C)(C1=NC(=CC=C1)N2C=C(C3=CN=C(N=C32)NC4=CC=C(C=C4)C(=O)NC5CCOCC5)F)O,1
CC[C@@H]1C(=O)N(C2=CN=C(N=C2N1C3CCCC3)NC4=C(C=C(C=C4)C(=O)NC5CCCC5)OCCO)C,1
CC[C@@H]1C(=O)N(C2=CN=C(N=C2N1C3CCCC3)NC4=C(C=C(C=C4)C(=O)NC5CCOCC5)OCCO)C,1
C[C@H](C1=C(C=C(C=C1)CNC(C)(C)C)OC(F)F)OC2=C(SC(=C2)C3=CN=C4N3C=CC=C4)C(=O)N,1
CCC[C@@H]1C(=O)N(C2=CN=C(N=C2N1C3CCCC3)NC4=C(C=C(C=C4)C(=O)NC5CCN(CC5)C)OC)C,1
CC[C@@H]1C(=O)N(C2=CN=C(N=C2N1C3CCCC3)NC4=C(C=C(C=C4)C5CCN(CC5)C)OC)C,1
CC[C@@H]1C(=O)N(C2=CN=C(N=C2N1C3CCCC3)NC4=C(C=C(C(=C4)F)C(=O)NC)OCCO)C,1
COC1=C(C=C(C=C1)NC2=NC=C3CC(=O)NC4=C(C3=N2)C=CC(=C4)I)OC,1
CN(C)CCCC1=CC(=C(C=C1)OC)NC2=NC=C3CC(=S)NC4=C(C3=N2)C=CC(=C4)Cl,1
CN1CCN(CC1)C2=CC(=C(C=C2)OC)NC3=NC=C4CCC5=C(C4=N3)N(N=C5C(=O)N)C,1
CN1CCN(CC1)C2=CC(=C(C=C2)OC(F)(F)F)NC3=NC=C4CCC5=C(C4=N3)N(N=C5C(=O)[O-])C,1
CC[C@@H]1C(=O)N(C2=CN=C(N=C2N1C3CCCC3)NC4=C(C=C(C=C4)C(=O)NC5CCCC5)CCO)C,1
CC[C@@H]1C(=O)N(C2=CN=C(N=C2N1C3CCCC3)NC4=C(C=C(C(=C4)F)C(=O)NCCN5CCN(CC5)C)OCCO)C,1
COC1=C(C=C2C(=C1)N=CN2C3=CC(=C(S3)C(=O)N)OCC4=CC=CS4)OC,1
C1=CC=C(C(=C1)COC2=C(SC(=C2)N3C=NC4=CC=CC=C43)C(=O)N)Br,1
CC1=CC(=CC=C1)COC2=C(SC(=C2)N3C=NC4=CC=CC=C43)C(=O)N,1
CS(=O)(=O)C1=CC2=C(C=C1)N=CN2C3=CC(=C(S3)C(=O)N)OCC4=CC=CC=C4C(F)(F)F,1
CC1=CC=CC=C1COC2=C(SC(=C2)N3C=NC4=CC=CC=C43)C(=O)N,1
COC1=CC=CC=C1COC2=C(SC(=C2)N3C=NC4=CC=CC=C43)C(=O)N,1
C1=CC=C(C(=C1)COC2=C(SC(=C2)N3C=NC4=CC=CC=C43)C(=O)N)Cl,1
COC1=C(C=C2C(=C1)N=CN2C3=CC(=C(S3)C(=O)N)OCC4=CC=CC=C4)OC,1
C[C@H](C1=C(C=C(C=C1)CNC2CC2)Cl)OC3=C(SC(=C3)C4=CN=C5N4C=CC=C5)C(=O)N,1
C[C@H](C1=C(C=C(C=C1)CN2CCNC(=O)C2)Cl)OC3=C(SC(=C3)C4=CN=C5N4C=CC=C5)C(=O)N,1
C1CCC(C1)NC(=O)C2=CC=C(C=C2)NC3=NC=C4CC(=O)NC5=C(C4=N3)C=CC(=C5)Cl,1
CN1CCC(CC1)NC(=O)C2=CC(=C(C=C2)NC3=NC=C4C(=N3)N(CCC(=O)N4C)C5CCCC5)OC,1
CC[C@@H]1C(=O)N(C2=CN=C(N=C2N1C3CCCC3)NC4=C(C=C(C=C4)C(=O)NC5CCN(CC5)C)OCC)C,1
COC1=CC=C(C=C1)COC2=C(SC(=C2)N3C=NC4=CC(=C(C=C43)OC)OC)C(=O)N,1
C[C@H](C1=C(C=C(C=C1)CN2CCC(CC2)F)Cl)OC3=C(SC(=C3)C4=CN=C5N4C=CC=C5)C(=O)N,1
CN1CCN(CC1)C2=CC(=C(C=C2)OC(F)(F)F)NC3=NC=C4CCC5=C(C4=N3)N(N=C5C(=O)N)CCCl,1
CC[C@@H]1C(=O)N(C2=CN=C(N=C2N1C3CCCC3)NC4=C(C=C(C=C4)C(=O)NC5CCCC5)OC)C,1
COC1=C(C=C2C(=C1)N=CN2C3=CC(=C(S3)C(=O)N)OCC4=CC(=NC=C4)Br)OC,1
C1=CC=C(C(=C1)COC2=C(SC(=C2)N3C=NC4=CC=CC=C43)C(=O)N)F,1
CC1=CC=CC=C1NC2=NC=C3CCC4=C(C3=N2)N(N=C4C(=O)N)C,1
C1=CC=C(C(=C1)COC2=C(SC(=C2)N3C=NC4=CC=CC=C43)C(=O)N)C(F)(F)F,1
CC1=CC=CC=C1NC2=NC=C3CCC4=C(C3=N2)N(N=C4C(=O)N)C,1
CN1CCN(CC1)C2=CC(=C(C=C2)OC(F)(F)F)NC3=NC=C4CCC5=C(C4=N3)N(N=C5C(=O)N)CCOC,1
CN1CCN(CC1)C2=CC(=C(C=C2)OC(F)(F)F)NC3=NC=CC(=N3)C4=CC(=CN4C)C(=O)N,1
CN1CCC(CC1)NC(=O)C2=C(C=C(C=C2)NC3=NC=C4C(=N3)N(CC(C(=O)N4C)(F)F)C5CCCC5)OC,1
CC(C)(C1=NC(=CC=C1)N2C3=NC(=NC=C3C(=O)N2CC=C)NC4=CC=C(C=C4)N5CCN(CC5)C)O,1
CC[C@@H]1C(=O)N(C2=CN=C(N=C2N1C3CCCC3)NC4=C(C=C(C=C4)C(=O)NC)OCCO)C,1
C[C@H](C1=C(C=C(C=C1)CN2CCS(=O)(=O)CC2)Cl)OC3=C(SC(=C3)C4=CN=C5N4C=CC=C5)C(=O)N,1
C[C@H](C1=C(C=C(C=C1)CNC)Cl)OC2=C(SC(=C2)C3=CN=C4N3C=CC=C4)C(=O)N,1
CC(C)(C1=NC(=CC=C1)N2C3=NC(=NC=C3C(=O)N2CC=C)NC4=C5C(=C(C=C4)N6CCN(CC6)C)C=CN5C)O,1
CC[C@@H]1C(=O)N(C2=CN=C(N=C2N1C3CCCC3)NC4=CC=C(C=C4)S(=O)(=O)NC)C,1
COC1=C(C=C2C(=C1)N=CN2C3=CC(=C(S3)C(=O)N)OCC4CCCCC4)OC,1
COC1=C(C=C2C(=C1)N=CN2C3=CC(=C(S3)C(=O)N)OCC4=CSC=C4)OC,1
CC(=O)C1=CC=CC=C1COC2=C(SC(=C2)N3C=NC4=CC(=C(C=C43)OC)OC)C(=O)N,1
C[C@H](C1=C(C=C(C=C1)CN2CCN(CC2)C)Cl)OC3=C(SC(=C3)C4=CN=C5N4C=CC=C5)C(=O)N,1
CC[C@@H]1C(=O)N(C2=CN=C(N=C2N1C3CCCC3)NC4=C(C=C(C=C4)C(=O)NC5CCN(CC5)C(C)C)OCCO)C,1
CC[C@@H]1C(=O)N(C2=CN=C(N=C2N1C3CCCC3)NC4=C(C=C(C=C4)C(=O)NCCN5CCOCC5)OCCO)C,1
C[C@H](C1=CC=CC=C1C(F)(F)F)OC2=C(SC(=C2)N3C=NC4=C3C=C(C=C4)C5=CC=CC=C5)C(=O)N,1
CN1C=C(C=C1C2=NC(=NC=C2)NC3=C(C=CC(=C3)N4CCNCC4)OC(F)(F)F)C(=O)N,1
CN1CCN(CC1)C2=CC(=C(C=C2)OC(F)(F)F)NC3=NC=CC(=N3)C4=CC(=CN4CC(F)(F)F)C(=O)N,1
COC1=C(C=C(C=C1)NC2=NC=C3CC(=O)NC4=C(C3=N2)C=CC(=C4)C(F)(F)F)OC,1
C[C@H](C1=C(C=C(C=C1)CNCCCO)Cl)OC2=C(SC(=C2)C3=CN=C4N3C=CC=C4)C(=O)N,1
CC(C)(C1=NC(=CC=C1)N2C=C(C3=CN=C(N=C32)NC4=CC=C(C=C4)N5C[C@H]6C[C@@H]5CN6)F)O,1
CCN\1C(=O)/C(=C/NC2=CC=CC(=C2)CCN3CCCC3)/S/C1=C(\C#N)/C(=O)NC(F)(F)F,1
C[C@H](C1=C(C=C(C=C1)CN2CCC(C2)O)Cl)OC3=C(SC(=C3)C4=CN=C5N4C=CC=C5)C(=O)N,1
C[C@H](C1=C(C=C(C=C1)CNC(C)(C)C)C(F)F)OC2=C(SC(=C2)C3=CN=C4N3C=CC=C4)C(=O)N,1
C1=C(C=C(C2=C1[N+](=C(S2)C(=O)N)[O-])[N+](=O)[O-])SC(F)(F)F,1
CC[C@@H]1C(=O)N(C2=CN=C(N=C2N1C3CCCC3)NC4=C(C=C(C(=C4)F)C(=O)NCCN5CCOCC5)OCCO)C,1
CC[C@@H]1C(=O)N(C2=CN=C(N=C2N1C3CCCC3)NC4=C(C=C(C=C4)C(=O)N)OCCO)C,1
CC1=NN(C2=CC(=NC=C12)N[C@@H](C)C3=CC=CC=C3)C4=CC(=CC(=C4)CCC(=O)O)Cl,1
CC1=CC=CC=C1COC2=C(SC(=C2)N3C=NC4=C3C=CC(=C4)Cl)C(=O)N,1
COC1=C(C=C2C(=C1)N=CN2C3=CC(=C(S3)C(=O)N)OCC4=CC(=CC=C4)N)OC,1
CCNCC1=CC(=C(C=C1)[C@@H](C)OC2=C(SC(=C2)C3=CN=C4N3C=CC=C4)C(=O)N)Cl,1
C[C@H](C1=C(C=C(C=C1)CNCCO)Cl)OC2=C(SC(=C2)C3=CN=C4N3C=CC=C4)C(=O)N,1
C[C@H](C1=C(C=C(C=C1)CNC(C)(C)C)Cl)OC2=C(SC(=C2)C3=CN=C4N3C=CC=C4)C(=O)N,1
C1C2=CN=C(N=C2C3=C(C=C(C=C3)Cl)NC1=O)NC4=CC=C(C=C4)C(=O)N,1
C[C@@H]1C(=O)N(C2=CN=C(N=C2N1C3CCCC3)NC4=C(C=C(C=C4)C(=O)NCCN(C)C)OC)C,1
CC[C@@H]1C(=O)N(C2=CN=C(N=C2N1C3CCCC3)NC4=C(C=C(C=C4)C(=O)NCCN5CCN(CC5)C)OCCO)C,1
CC[C@@H]1C(=O)N(C2=CN=C(N=C2N1C3CCCC3)NC4=C(C=C(C=C4)C(=O)NCC)OCCO)C,1
CCOC1=C(C=C(C=C1)C2=NN(C3=NC(=O)N(C(=O)C3=N2)C)C)OC,1
C1=CC=C2C(=C1)N=CN2C3=CC(=C(S3)C(=O)N)OCC4=CC(=CC=C4)Cl,1
C1=CC=C(C(=C1)COC2=C(SC(=C2)C3=CN=C4N3C=CC=C4)C(=O)N)C(F)(F)F,1
C[C@H](C1=C(C=C(C=C1)CN(C)C)Cl)OC2=C(SC(=C2)C3=CN=C4N3C=CC=C4)C(=O)N,1
CC[C@@H]1C2=NN=C(N2C3=CN=C(N=C3N1CC4CCCCC4)NC5=C(C=C(C=C5)C(=O)NC6CCN(CC6)C)OC)C,1
CC[C@@H]1C2=NN=C(N2C3=CN=C(N=C3N1CC4CCCCC4)NC5=C(C=C(C=C5)C(=O)NC6CCN(CC6)C)OC)C,1
CCN\1C(=O)[C@@H](S/C1=C(/C#N)\C(=O)OCC=C)CNC2=CC=C(C=C2)NC(=O)NCCN3CCCC3,1
C[C@H](C1=C(C=C(C=C1)CNC(C)(C)CO)Cl)OC2=C(SC(=C2)C3=CN=C4N3C=CC=C4)C(=O)N,1
CC(=O)O[C@@H]1C[C@]2([C@@H](CCC2=O)C3=C1[C@]4([C@H](OC(=O)C5=COC(=C54)C3=O)COC)C)C,1
CN1CCN(CC1)C2=CC=C(C=C2)NC3=NC=C4C(=CN(C4=N3)C5=CC=CC(=N5)C6(COC6)F)F,1
CC[C@@H]1C(=O)N(C2=CN=C(N=C2N1C3CCCC3)NC4=CC=C(C=C4)S(=O)(=O)NCCO)C,1
C[C@H](C1=C(C=C(C=C1)CNC2CCCC2)Cl)OC3=C(SC(=C3)C4=CN=C5N4C=CC=C5)C(=O)N,1
CN1CCCN(CC1)C2=CC(=C(C=C2)OC(F)(F)F)NC3=NC=C4CCC5=C(C4=N3)N(N=C5C(=O)N)C,1
C[C@@H]1C(=O)N(C2=CN=C(N=C2N1C(C)C)NC3=C(C=C(C=C3)C(=O)NC4CCN(CC4)C)OC)C,1
CN1CCC(CC1)NC(=O)C2=C(C(=C(C=C2)NC3=NC=C4C(=N3)N(CC(C(=O)N4C)(F)F)C5CCCC5)OC)F,1
CNC(=O)C1=NN(C2=C1CCC3=CN=C(N=C32)NC4=C(C=CC(=C4)N5CCN(CC5)C)OC)C,1
C1CC2=C(C3=NC(=NC=C31)NC4=CC=CC=C4OC(F)(F)F)N(N=C2C(=O)N)CCF,1
CC[C@@H]1C(=O)N(C2=CN=C(N=C2N1C(C)C)NC3=C(C=C(C(=C3)F)C(=O)NC4CCN(CC4)C)OCCO)C,1
COC1=C(C=C2C(=C1)N=CN2C3=CC(=C(S3)C(=O)N)OCC4=CC=CO4)OC,1
C[C@H](C1=C(C=C(C=C1)CN2CCC(CC2)O)Cl)OC3=C(SC(=C3)C4=CN=C5N4C=CC=C5)C(=O)N,1
C[C@@H]1C(=O)N(C2=CN=C(N=C2N1C3CCCC3)NC4=C(C=C(C=C4)C(=O)NCCC5=CC=CC=C5)OC)C,1
COC1=CC=CC(=C1)COC2=C(SC(=C2)N3C=NC4=CC=CC=C43)C(=O)N,1
C[C@H](C1=C(C=C(C=C1)CNC(C)C)Cl)OC2=C(SC(=C2)C3=CN=C4N3C=CC=C4)C(=O)N,1
CN1CCN(CC1)C2=CC(=C(C=C2)OC(F)(F)F)NC3=NC=CC(=N3)C4=CC5=C(N4CC(F)(F)F)CCNC5=O,1
CC(C)(C1=NC(=CC=C1)N2C=C(C3=CN=C(N=C32)NC4=CC=C(C=C4)C(=O)NC5CCN(CC5)C)F)O,1
CN(C)CC(=O)N1CCC2=CC(=C(C=C21)NC3=NC=C(C(=N3)NC4=C(SC=C4)C(=O)OC)F)OC,1
CC1=C2C=NC(=NN2C(=N1)C3=CC(=CC=C3)C(F)(F)F)NC4=CC(=C(C(=C4)OC)OC)OC,1
C[C@@H](C1=CC=CC=C1Cl)OC2=C(SC(=C2)N3C=NC4=CC(=C(C=C43)OC)OC)C(=O)N,1
COC1=CC=CC(=C1)/C=C/C(=O)NNC(=O)C2=CC3=C(C=C2)OCCO3,1
CC(C)(C1=NC(=CC=C1)N2C=C(C3=CN=C(N=C32)NC4=CC=C(C=C4)NC(=O)C5CCOCC5)F)O,1
CC(C)(C1=NC(=CC=C1)N2C=C(C3=CN=C(N=C32)NC4=CC=C(C=C4)N5C[C@@H]6C[C@H]5CN6)F)O,1
CC[C@@H]1C(=O)N(C2=CN=C(N=C2N1C3CCCC3)NC4=C(C=C(C=C4)C(=O)NC5CC5)OCCO)C,1
CN(C)C1=CC=CC(=C1)COC2=C(SC(=C2)N3C=NC4=CC(=C(C=C43)OC)OC)C(=O)N,1
COC1=C(C=C2C(=C1)N=CN2C3=CC(=C(S3)C(=O)N)OCC4=CC=CC=C4S(=O)(=O)C)OC,1
COC1=C(C=C(C=C1)NC2=NC=C3CC(=O)NC4=C(C3=N2)C=CC(=C4)Cl)OC,1
CCC1=CC2=C(C=C1)C3=NC(=NC=C3CC(=O)N2)NC4=CC(=C(C=C4)OC)OC,1
CC1=NN(C2=CC(=NC=C12)N[C@@H](C)C3=CC=CC=C3)C4=CC(=CC(=C4)CCC(=O)N)Cl,1
CC[C@@H]1C(=O)N(C2=CN=C(N=C2N1C3CCCC3)NC4=C(C=CC(=C4)N5CCN(CC5)C)OC(F)(F)F)C,1
CC[C@H]1C(=O)N(C2=CN=C(N=C2N1C3CCCC3)NC4=C(C=C(C=C4)C(=O)NC5CCN(CC5)C)OC)C,1
CN1C2=C(CCC3=CN=C(N=C32)NC4=C(C=CC(=C4)N5CCC(CC5)N6CCCC6)OC(F)(F)F)C(=N1)C(=O)N,1
CN1CCN(CC1)C2=CC(=C(C=C2)OC(F)(F)F)NC3=NC=C4CCC5=C(C4=N3)N(N=C5C(=O)N)CCN,1
COC1=CC(=CC(=C1)NC2=NC=C3CC(=O)NC4=C(C3=N2)C=CC(=C4)Cl)OC,1
CC[C@@H]1C(=O)N(C2=CN=C(N=C2N1C3CCCC3)NC4=CC=C(C=C4)S(=O)(=O)NCCCO)C,1
CCN\1C(=O)C(S/C1=C(/C#N)\C(=O)OCC=C)CNC2=CC=C(C=C2)C(=O)C,1
COC1=C(C=C2C(=C1)N=CN2C3=CC(=C(S3)C(=O)N)OCC4CCCC4)OC,1
CCN1CCC(CC1)NC(=O)C2=CC=C(C=C2)NC3=NC=C4C(=CN(C4=N3)C5=CC=CC(=N5)C(C)(C)O)F,1
CCCNS(=O)(=O)C1=CC=C(C=C1)NC2=NC=C3C(=N2)N([C@@H](C(=O)N3C)CC)C4CCCC4,1
CCCCNC(=O)C1=CC(=C(C=C1)NC2=NC=C3C(=N2)N([C@@H](C(=O)N3C)CC)C4CCCC4)OCCO,1
COC1=CC=C(C=C1)COC2=C(SC(=C2)N3C=NC4=CC=CC=C43)C(=O)N,1
C1=CC=C(C(=C1)COC2=C(SC(=C2)N3C=NC4=CC=CC=C43)C(=O)N)C(F)(F)F,1
C1=CC=C(C(=C1)COC2=C(SC(=C2)C3=CN=C4N3C=CC=C4)C(=O)N)Cl,1
CN1C2=C(CCC3=CN=C(N=C32)NC4=C(C=CC(=C4)N5CCN(CC5)C(=O)N6CCNCC6)OC(F)(F)F)C(=N1)C(=O)N,1
CCCOC(=O)/C(=C\1/N(C(=O)/C(=C\NC2=CC=C(C=C2)O)/S1)CC)/C#N,1
C1C2=CN=C(N=C2C3=C(C=C(C=C3)Cl)NC1=O)NC4=CC=C(C=C4)C(=O)O,1
CCN\1C(=O)/C(=C\NC2=CC=C(C=C2)NC(=O)NCCN3CCCC3)/S/C1=C(/C#N)\C(=O)OCC,1
CC[C@@H]1C(=O)NC2=CN=C(N=C2N1C3CCCCC3)NC4=C(C=C(C=C4)C(=O)NC5CCN(CC5)C)OC,1
CC[C@@H]1C(=O)N(C2=CN=C(N=C2N1C3CCCC3)NC4=C(C=C(C=C4)C(=O)NCCN(C)C)OCCO)C,1
CC(C1=C(C=CC(=C1)CO)Cl)OC2=C(SC(=C2)C3=CN=C4N3C=CC=C4)C(=O)N,1
CN(C)CCCC1=CC(=CC=C1)NC2=NC=C3CC(=O)NC4=C(C3=N2)C=CC(=C4)Cl,1
C1C2=CN=C(N=C2C3=C(C=C(C=C3)Cl)NC1=O)NC4=CC=CC(=C4)C(=O)O,1
CCN1CCC(CC1)OC2=CC=C(C=C2)NC3=NC=C4C(=CN(C4=N3)C5=CC=CC(=N5)C(C)(C)O)F,1
CC1=C2C=NC(=NN2C(=N1)C3=CC=CC=C3)NC4=CC(=C(C(=C4)OC)OC)OC,1
CN1CCN(CC1)C2=CC(=C(C=C2)NC3=NC=C4CCC5=C(C4=N3)N(N=C5C(=O)N)C)OC,1
C[C@@H]1C(=O)N(C2=CN=C(N=C2N1C3CCCC3)NC4=C(C=C(C=C4)C(=O)NC5CCN(CC5)C)OC6CCCC6)C,1
CCCCNS(=O)(=O)C1=CC=C(C=C1)NC2=NC=C3C(=N2)N([C@@H](C(=O)N3C)CC)C4CCCC4,1
CCCNC(=O)C1=CC(=C(C=C1)NC2=NC=C3C(=N2)N([C@@H](C(=O)N3C)CC)C4CCCC4)OCCO,1
CCN\1C(=O)/C(=C\NC2=CC3=C(C=C2)NC=C3C(=O)NCCN(CC)CC)/S/C1=C(/C#N)\C(=O)NCC(F)(F)F,1
CC1=NN(C2=CC(=NC=C12)N[C@@H](C)C3=CC=CC=C3)C4=CC=CC=C4C(=O)N,1
CN1C2=C(CCC3=CN=C(N=C32)NC4=CC=CC=C4OC)C(=N1)C(=O)N,1
CN1C2=C(CCC3=CN=C(N=C32)NC4=C(C=CC(=C4)C5CCN(CC5)CCCN(C)C)OC(F)(F)F)C(=N1)C(=O)N,1
CN1CCN(CC1)C2=CC(=C(C=C2)OC(F)(F)F)NC3=NC=C4CCC5=C(C4=N3)N(N=C5C(=O)N)CCO,1
CC1=NN(C2=CC(=NC=C12)N[C@@H](C)C3=CC=CC=C3)C4=CC(=CC(=C4)C5=CC=CC=C5C(=O)N)Cl,1
CC(C)(C1=NC(=CC=C1)N2C3=NC(=NC=C3C(=O)N2C4=CC(=CC=C4)OC(F)(F)F)NC5=CC=C(C=C5)N6CCN(CC6)C)O,1
CN1CCN(CC1)C2=CC(=C(C=C2)OC(F)(F)F)NC3=NC=C4CCC5=C(C4=N3)N(N=C5C(=O)N)CCOC6CCOCC6,1
CC[C@@H]1C(=O)N(C2=CN=C(N=C2N1C3CCCC3)N4C=CC5=C4C=CC(=C5)C(=O)NC6CCCC6)C,1
CN1C2=C(CCC3=CN=C(N=C32)NC4=C(C=CC(=C4)NC(=O)[C@@H]5CCCN5)OC(F)(F)F)C(=N1)C(=O)N,1
CC[C@@H]1C2=C(N=CN2C3=CN=C(N=C3N1C4CCCC4)NC5=C(C=C(C=C5)C(=O)NC6CCN(CC6)C)OC)C(=O)NCC,1
CCN\1C(=O)/C(=C\NC2=CC=CC(=C2)C)/S/C1=C(/C#N)\C(=O)OCC,1
C[C@H](C1=C(C=C(C=C1)CNC(C)(C)C)F)OC2=C(SC(=C2)C3=CN=C4N3C=CC=C4)C(=O)N,1
CN1C2=C(CCC3=CN=C(N=C32)NC4=C(C=CC(=C4)N5CCN(CC5)CCCN(C)C)OC(F)(F)F)C(=N1)C(=O)N,1
CC[C@@H]1C(=O)N(C2=CN=C(N=C2N1C3CCCC3)NC4=CC=C(C=C4)S(=O)(=O)NCC(C)C)C,1
CCC[C@@H]1C(=O)N(C2=CN=C(N=C2N1C3CCCC3)NC4=C(C=C(C=C4)C(=O)NC5CCN(CC5)C)OC6CCCC6)C,1
CC1=NN(C2=CC(=NC=C12)N[C@@H](C)C3=CC=CC=C3)C4=CC(=CC(=C4)CCC(=O)NCCO)Cl,1
C[C@@H](C1=CC=CC=C1)NC2=NC=C3C=NN(C3=C2)C4=CC=CC=C4C(=O)N,1
C1=CC=C(C=C1)C(CCNCC2=CC=CC=N2)OC3=CC=C(C=C3)C(F)(F)F,1
C[C@@H](C1=CC=CC=C1)NC2=NC=C3C=NN(C3=C2)C4=CC(=CC(=C4)C5=CC=CC=C5C(=O)N)Cl,1
COC1=C(C=CC(=C1)N2CCC(CC2)N3CCCC3)NC4=NC=C(C(=N4)NC5=C(SC=C5)C(=O)OC)F,1
C[C@@H](C1=CC=CC=C1)NC2=NC=C3C(=C2)C(=NO3)C4=CC(=CC(=C4)CCC(=O)N)Cl,1
CN1C2=C(CCC3=CN=C(N=C32)NC4=CC=CC(=C4)C(F)(F)F)C(=N1)C(=O)N,1
CN1CCN(CC1)C2=CC(=C(C=C2)OC(F)(F)F)NC3=NC=C4CCC5=C(C4=N3)N(N=C5C(=O)N)CCCN,1
CC[C@@H]1C(=O)NC2=CN=C(N=C2N1C3CCCC3)NC4=C(C=C(C=C4)C(=O)NC5CCCC5)OC,1
CC[C@@H]1C(=O)N(C2=CN=C(N=C2N1C3CCCC3)NC4=CC=C(C=C4)S(=O)(=O)NC5CCCC5)C,1
CC[C@@H]1C(=O)N(C2=CN=C(N=C2N1C(C)C)NC3=C(C=C(C(=C3)F)C(=O)NC4CCOCC4)OCCO)C,1
C[C@H](C1=CC=CC=C1C(F)(F)F)OC2=C(SC(=C2)N3C=NC4=C3C=C(C=C4)C5=CC(=NC=C5)Cl)C(=O)N,1
CN1CCC(CC1)NC(=O)C2=CC(=C(C=C2)NC3=NC=C4C(=N3)N(CC(=O)N4C)C5CCCC5)OC,1
CC1=NN(C2=CC(=NC=C12)N[C@@H](C)C3=CC=CC=C3)C4=CC(=CC(=C4)CCCN)Cl,1
CC(C)(C1=NC(=CC=C1)N2C=CC3=CN=C(N=C32)NC4=CC=C(C=C4)C(=O)NC5CCN(CC5)C)O,1
CN1C2=C(CCC3=CN=C(N=C32)NC4=C(C=CC(=C4)N)OC(F)(F)F)C(=N1)C(=O)N,1
CCN(CC)CCN(C)C1=CC(=C(C=C1)OC(F)(F)F)NC2=NC=C3CCC4=C(C3=N2)N(N=C4C(=O)N)C,1
CC(C)(C1=NC(=CC=C1)N2C=C(C3=CN=C(N=C32)NC4=CC=C(C=C4)N5CCNCC5)F)O,1
C1=CC=C(C=C1)COC2=C(SC(=C2)N3C=NC4=CC=CC=C43)C(=O)N,1
COC1=C(C=C2C(=C1)N=CN2C3=CC(=C(S3)C(=O)N)OCCCC4=CC=CC=C4)OC,1
CC(C)(C1=NC(=CC=C1)N2C=C(C3=CN=C(N=C32)NC4=CC=C(C=C4)N5CCNC6(C5)CC6)F)O,1
CCOC1=C(C=CC(=C1)N2CCC(CC2)O)NC3=NC=C4C(=N3)N(CCC(=O)N4C)C5CCCC5,1
CC[C@@H]1C(=O)N(C2=CN=C(N=C2N1C3CCCC3)N4C=CC5=C4C=CC(=C5)C(=O)NCC)C,1
CC[C@@H]1C(=O)N(C2=CN=C(N=C2N1C3CCCC3)NC4=CC=C(C=C4)S(=O)(=O)N)C,1
CC1=CC2=C(C=C1)C3=NC(=NC=C3CC(=O)N2)NC4=CC(=C(C=C4)OC)OC,1
CC(C1=CC=CC=C1)OC2=C(SC(=C2)N3C=NC4=C3C=C(C=C4)OC5CCN(CC5)C)C(=O)N,1
CN1C2=C(CCC3=CN=C(N=C32)NC4=CC=CC=C4)C(=N1)C(=O)N,1
CC[C@@H]1C(=O)N(C2=CN=C(N=C2N1CC3=C(C=CS3)C)NC4=C(C=C(C=C4)C5CCN(CC5)C)OCC)C,1
CN1CCC(CC1)OC2=CC3=C(C=C2)N=CN3C4=CC(=C(S4)C(=O)N)OCC5=CC=CC=C5,1
CC1=C2C=NC(=NN2C(=N1)C3=CC(=CC=C3)Br)NC4=CC(=C(C(=C4)OC)OC)OC,1
CC1=CC=C(C=C1)COC2=C(SC(=C2)N3C=NC4=CC=CC=C43)C(=O)N,1
CN1CCC(CC1)NC(=O)C2=CC(=C(C=C2)NC3=NC=C4C(=N3)N(C[C@H](C(=O)N4C)CC=C)C5CCCC5)OC,1
CCN\1C(=O)/C(=C\NC2=CC=C(C=C2)OCCN(C)C)/S/C1=C(/C#N)\C(=O)NC#C,1
CC[C@@H]1C2=NN=C(N2C3=CN=C(N=C3N1CC4=CC=CS4)NC5=C(C=C(C=C5)C(=O)NC6CCN(CC6)C)OC)C,1
COC1=C(C=C2C(=C1)N=CN2C3=CC(=C(S3)C4=NNN=N4)OCC5=CC=CC=C5C(F)(F)F)OC,1
CCN\1C(=O)/C(=C\NC2=CC=C(C=C2)OCCN(C)C)/S/C1=C(/C#N)\C(=O)NCC(F)F,1
COC1=C(C=C2C(=C1)N=CN2C3=CC(=C(S3)C(=O)N)OCC4=CC=C(C=C4)S(=O)(=O)C)OC,1
C[C@@]12[C@@H]([C@@H](C[C@@H](O1)N3C4=CC=CC=C4C5=C6C(=C7C8=CC=CC=C8N2C7=C53)CNC6=O)NC)OC,1
CN1C2=C(CCC3=CN=C(N=C32)NC4=C(C=CC(=C4)NC5CCNC5)OC(F)(F)F)C(=N1)C(=O)N,1
COC1=CC=C(C=C1)NC2=NC=C3CC(=O)NC4=C(C3=N2)C=CC(=C4)Cl,1
CC(C)C[C@@H]1C(=O)N(C2=CN=C(N=C2N1C3CCCC3)NC4=C(C=C(C=C4)C(=O)NC5CCN(CC5)C)OC)C,1
CCCNC(=O)C1=CC2=C(C=C1)N(C=C2)C3=NC=C4C(=N3)N([C@@H](C(=O)N4C)CC)C5CCCC5,1
CC1=C2C=NC(=NN2C(=N1)C3=CC=C(C=C3)F)NC4=CC(=C(C(=C4)OC)OC)OC,1
CCN\1C(=O)/C(=C\NC2=CC=C(C=C2)C(=O)C)/S/C1=C(/C#N)\C(=O)OCC,1
CN1CCC(CC1)NC(=O)C2=CC(=C(C(=C2)F)NC3=NC=C4C(=N3)N(CC(C(=O)N4C)(F)F)C5CCCC5)OC,1
CN1C2=C(CCC3=CN=C(N=C32)NC4=C(C=CC(=C4)NC5CCCN5)OC(F)(F)F)C(=N1)C(=O)N,1
COC1=C(C=C(C=C1)NC2=NC=C3CC(=O)NC4=C(C3=N2)C=CC(=C4)C#N)OC,1
CC[C@@H]1C(=O)N(C2=CN=C(N=C2N1CC3=CC=CC=C3)NC4=C(C=C(C=C4)C(=O)NC5CCN(CC5)C)OCC)C,1
CC(=O)C1=C(C=C(S1)N2C=NC3=CC(=C(C=C32)OC)OC)OCC4=CC=CC=C4C(F)(F)F,1
CCNC1=NC=CC(=C1)C2=C(C=C(C=C2)NC(=O)NC3=CC(=CC=C3)Cl)C(F)(F)F,1
CN1C2=C(CCC3=CN=C(N=C32)NC4=C(C=CC(=C4)N)OC(F)(F)F)C(=N1)C(=O)N,1
C[C@H](C1=CC=CC=C1CO)OC2=C(SC(=C2)C3=CN=C4N3C=CC=C4)C(=O)N,1
CC(C)(C1=NC(=CC=C1)N2C3=NC(=NC=C3C(=O)N2C4=CC(=CC=C4)Cl)NC5=CC=C(C=C5)N6CCN(CC6)C)O,1
CC1=C2C=NC(=NN2C(=N1)C3=CC=CC=C3)NC4=CC(=C(C=C4)OC)OC,1
C1COC2=C(O1)C=CC(=C2)C(=O)NNC(=O)/C=C/C3=CC=CC=C3,1
CC(C1=CC=CC=C1Cl)OC2=C(SC(=C2)C3=CN=C4N3C=CC(=C4)CO)C(=O)N,1
CC[C@@H]1C(=O)N(C2=CN=C(N=C2N1C3CCCC3)N4C=CC5=C4C=CC(=C5)C(=O)NC)C,1
C[C@@H]1C(=O)N(C2=CN=C(N=C2N1C3CCCC3)NC4=C(C=C(C=C4)C(=O)N5CCCCC5)OC)C,1
CN1C2=C(CCC3=CN=C(N=C32)NC4=CC=CC=C4SC)C(=N1)C(=O)N,1
CC[C@@H]1C(=O)N(C2=CN=C(N=C2N1C3CCCC3)N4C=CC5=C4C=CC(=C5)C(=O)NC(C)C)C,1
C[C@@H](C1=CC=CC=C1)NC2=NC=C3C(=C2)C(=NO3)C4=CC(=CC(=C4)CCCO)Cl,1
COC1=C(C=C2C(=C1)N=CN2C3=CC(=C(S3)C(=O)N)OCC4=CC(=CC=C4)C#N)OC,1
CCN\1C(=O)/C(=C\NC2=CC=C(C=C2)CCN3CCCC3)/S/C1=C(/C#N)\C(=O)NCC(F)(F)F,1
C1=CC=C2C(=C1)N=CN2C3=CC(=C(S3)C(=O)N)OCC4=CC=C(C=C4)Cl,1
CC(=O)C1=CC(=CC=C1)NC2=NC=C3CCC4=C(C3=N2)N(N=C4C(=O)N)C,1
CC[C@@]1(CN(C2=NC(=NC=C2N(C1=O)C)NC3=C(C=C(C=C3)C(=O)NC4CCN(CC4)C)OC)C5CCCC5)F,1
C[C@H](C1=CC=CC=C1C(F)(F)F)OC2=C(SC(=C2)N3C=NC4=C3C=C(C=C4)CN5CCN(CC5)C)C(=O)N,1
CC[C@@H]1C(=O)N(C2=CN=C(N=C2N1C3CCCC3)NC4=C(C=C(C=C4)C(=O)NC5CCN(CC5)C)OC)C,1
CC1C(=O)N(C2=CN=C(N=C2N1CCC(C)C)NC3=CC(=C(C(=C3)F)O)F)C,1
CN1CCN(CC1)C2=CC(=C(C=C2)OC(F)(F)F)NC3=NC=CC(=N3)C4=CC5=C(N4CCO)CCNC5=O,1
CN1CCN(CC1)CCCNC2=CC(=C(C=C2)OC(F)(F)F)NC3=NC=C4CCC5=C(C4=N3)N(N=C5C(=O)N)C,1
CC[C@@H]1C(=O)N(C2=CN=C(N=C2N1C3CCCC3)NC4=C(C=C(C=C4)C(=O)NC5CCN(CC5)C)OC)C,1
CC[C@@H]1C2=NN=C(N2C3=CN=C(N=C3N1CC4=CC(=CC=C4)Br)NC5=C(C=C(C=C5)C(=O)NC6CCN(CC6)C)OC)C,1
CC(=O)C1=C(C=C(C=C1)N2CCN(CC2)C)NC3=NC=C4CCC5=C(C4=N3)N(N=C5C(=O)N)C,1
CC[C@@H]1C(=O)N(C2=CN=C(N=C2N1C3CCCC3)NC4=CC=C(C=C4)S(=O)(=O)NC5=CC=CC=C5)C,1
CC[C@@H]1C2=NN=C(N2C3=CN=C(N=C3N1CC4CCCCC4)NC5=C(C=C(C=C5)C(=O)NC6CCN(CC6)C)OC)C,1
CNC1=CC=CC=C1NC2=NC=C3CCC4=C(C3=N2)N(N=C4C(=O)N)C,1
CN1C2=C(CCC3=CN=C(N=C32)NC4=CC=CC=C4)C(=N1)C(=O)O,1
CC[C@@H]1C(=O)N(C2=CN=C(N=C2N1CC3=CC(=CC=C3)Br)NC4=C(C=C(C=C4)C(=O)NC5CCN(CC5)C)OCC)C,1
COC1=C(C=C2C(=C1)N=CN2C3=CC(=C(S3)C(=O)N)OCC4=CC=CC=C4C(F)(F)F)OC,1
CC(C)(C1=NC(=CC=C1)N2C3=NC(=NC=C3C(=O)N2C4=CC=CC(=C4)C#N)NC5=CC=C(C=C5)N6CCN(CC6)C)O,1
CN1C2=C(CCC3=CN=C(N=C32)NC4=CC=CC=C4OC(F)(F)F)C(=N1)C(=O)N,1
C1C2=CN=C(N=C2C3=C(C=C(C=C3)Cl)NC1=O)NC4=CC=C(C=C4)I,1
COC1=CC=CC(=C1)NC2=NC=C3CC(=O)NC4=C(C3=N2)C=CC(=C4)Cl,1
C1COC2=C(O1)C=CC(=C2)C(=O)NNC(=O)/C=C/C3=CC=C(C=C3)[N+](=O)[O-],1
CC1=NN(C2=CC(=NC=C12)N[C@@H](C)C3=CC=CC=C3)C4=CC(=CC=C4)Cl,1
CC[C@@H]1C(=O)N(C2=CN=C(N=C2N1C3CCCC3)N4C=CC5=C4C=CC(=C5)C(=O)NCC(C)C)C,1
CN1CCCC1CCNC2=CC(=C(C=C2)OC(F)(F)F)NC3=NC=C4CCC5=C(C4=N3)N(N=C5C(=O)N)C,1
CC[C@@H]1C(=O)N(C2=CN=C(N=C2N1C(C)C)NC3=C(C=C(C=C3)C(=O)NC4CCN(CC4)C)OCCO)C,1
CC(C)(C1=NC(=CC=C1)N2C3=NC(=NC=C3C(=O)N2CC=C)NC4=CC=C(C=C4)N5CCN(CC5)C)O,1
CN1C2=C(CCC3=CN=C(N=C32)NC4=CC=CC=C4F)C(=N1)C(=O)N,1
CC[C@@H]1C(=O)N(C2=CN=C(N=C2N1CC3=CC(=CS3)C)NC4=C(C=C(C=C4)C5CCN(CC5)C)OCC)C,1
COC1=C(C=C2C(=C1)N=CN2C3=CC(=C(S3)C(=O)N)OCC4=CC=C(C=C4)S(=O)(=O)C)OC,1
CC[C@@H]1C2=NN=C(N2C3=CN=C(N=C3N1CC4CCCCC4)NC5=C(C=C(C=C5)C(=O)NN6CCN(CC6)C)OC)C,1
CC1=CC=C(C=C1)COC2=C(SC(=C2)N3C=NC4=CC=CC=C43)C(=O)N,1
COC1=C(C=C2C(=C1)N=CN2C3=CC(=C(S3)C(=O)N)OCC4=CC=C(C=C4)S(=O)(=O)C)OC,1
CC[C@@H]1C(=O)N(C2=CN=C(N=C2N1C(C)C)NC3=C(C=C(C=C3)C(=O)NC4CCCC4)OCCO)C,1
CC[C@@H]1C(=O)N(C2=CN=C(N=C2N1C3CCCC3)NC4=C(C=C(C(=C4)F)C(=O)NCCN(C)C)OCCO)C,1
CN1C2=C(CCC3=CN=C(N=C32)NC4=C(C=CC(=C4)N5CC[N+](CC5)(C)[O-])OC(F)(F)F)C(=N1)C(=O)N,1
C[C@H]1C(=O)N(C2=CN=C(N=C2N1C3CCCC3)NC4=C(C=C(C=C4)C(=O)NC5CCN(CC5)C)OC6CCCC6)C,1
COC1=C(C=C2C(=C1)N=CN2C3=CC(=C(S3)C(=O)N)OCC4=CC=NC=C4)OC,1
COC1=C(C=C2C(=C1)N=CN2C3=CC(=C(S3)C(=O)N)OCCC4=CC=CC=C4)OC,1
C1=CC=C(C(=C1)COC2=C(SC(=C2)C3=C4C=CC=CN4N=C3)C(=O)N)C(F)(F)F,1
CN(C)CCOC1=CC=CC(=C1)NC2=NC=C3CC(=O)NC4=C(C3=N2)C=CC(=C4)Cl,1
CN(C)CC1CC1C2=CC(=CC=C2)NC3=NC=C4CC(=O)NC5=C(C4=N3)C=CC(=C5)Cl,1
C1CCN(C1)CC(CN2C=C(C3=CC=CC=C32)CC(=O)O)O,1
CN1C2=C(CCC3=CN=C(N=C32)NC4=CC(=CC=C4)OC)C(=N1)C(=O)N,1
CC[C@@H]1C2=NN=C(N2C3=CN=C(N=C3N1CC4=CC=C(C=C4)C(C)(C)C)NC5=C(C=C(C=C5)C(=O)NC6CCN(CC6)C)OC)C,1
COC1=CC2=C(C=C1)C3=NC(=NC=C3CC(=O)N2)NC4=CC(=C(C=C4)OC)O,1
COC1=C(C=C2C(=C1)N=CN2C3=CC(=C(S3)C(=O)N)OCC4=CC=CC=C4C(F)(F)F)OC,1
C1CCC(CC1)N2C3=C(CCC4=CN=C(N=C43)NC5=CC=CC=C5)C(=N2)C(=O)N,1
CC(=O)C1=CN=C(N=C1NC2CCCC2)NC3=C(C=C(C=C3)N4CCN(CC4)C)OC,1
CC1=CC(=CC(=C1)N2C3=CC(=NC=C3C(=N2)C)N[C@@H](C)C4=CC=CC=C4)C,1
CN1CCCC1CCNC2=CC(=C(C=C2)OC(F)(F)F)NC3=NC=C4CCC5=C(C4=N3)N(N=C5C(=O)N)C,1
CC1=C(C=CC(=C1)CNC(C)(C)C)[C@@H](C)OC2=C(SC(=C2)C3=CN=C4N3C=CC=C4)C(=O)N,1
CN1C2=C(CCC3=CN=C(N=C32)NC4=CC=CC=C4N)C(=N1)C(=O)N,1
CC[C@@H]1C2=NN=C(N2C3=CN=C(N=C3N1CC4=CC(=CC=C4)C(F)(F)F)NC5=C(C=C(C=C5)C(=O)NC6CCN(CC6)C)OC)C,1
CN1CCN(CC1)C2=CC(=C(C=C2)OC(F)(F)F)NC3=NC=CC(=N3)C4=CC(=CN4CCO)C(=O)N,1
CN1CCN([C@H](C1)CO)C2=CC(=C(C=C2)OC(F)(F)F)NC3=NC=C4CCC5=C(C4=N3)N(N=C5C(=O)N)C,1
CC[C@@H]1C2=NN=C(N2C3=CN=C(N=C3N1CC4=CC=C(C=C4)Br)NC5=C(C=C(C=C5)C(=O)NC6CCN(CC6)C)OC)C,1
CCN\1C(=O)/C(=C\NC2=CC=CC=C2F)/S/C1=C(/C#N)\C(=O)OCC,1
C[C@@H]1C(=O)N(C2=CN=C(N=C2N1C3CCCC3)NC4=C(C=C(C=C4)C(=O)NC5CCCCC5)OC)C,1
CCOC1=C(C=CC(=C1)N2CCC(CC2)O)NC3=NC=C4C(=N3)N(CCC(=O)N4C)C5CCCC5,1
CC(C)(C1=NC(=CC=C1)N2C3=NC(=NC=C3C(=O)N2C4=CC=CC=C4F)NC5=CC=C(C=C5)N6CCN(CC6)C)O,1
CCCCNC(=O)C1=CC2=C(C=C1)N(C=C2)C3=NC=C4C(=N3)N([C@@H](C(=O)N4C)CC)C5CCCC5,1
CC[C@@H]1C2=NN=C(N2C3=CN=C(N=C3N1CC4=CC=C(C=C4)Cl)NC5=C(C=C(C=C5)C(=O)NC6CCN(CC6)C)OC)C,1
CC1=C(C=C(C=C1)NC(=O)NC2=CC(=C(C=C2)Cl)C(F)(F)F)C(=O)NC3=C(N(N=C3)CC4=CC=C(C=C4)OC)N,1
CC[C@@H]1C2=NN=C(N2C3=CN=C(N=C3N1CC4=CC=C(C=C4)OCC)NC5=C(C=C(C=C5)C(=O)NC6CCN(CC6)C)OC)C,1
CN1CCC(CC1)NC(=O)C2=CC(=C(C=C2)NC3=NC=C4C(=N3)N(C[C@](C(=O)N4C)(C=C)F)C5CCCC5)OC,1
CC(C)N1C(=O)C2=CN=C(N=C2N1C3=CC=CC(=N3)C(C)(C)O)NC4=CC=C(C=C4)N5CCN(CC5)C,1
CC[C@@H]1C2=NN=C(N2C3=CN=C(N=C3N1CC4=CC(=CC=C4)Cl)NC5=C(C=C(C=C5)C(=O)NC6CCN(CC6)C)OC)C,1
CC[C@@H]1C(=O)N(C2=CN=C(N=C2N1C(C)C)NC3=C(C=C(C=C3)C(=O)NC4CCOCC4)OCCO)C,1
CN(C)C1CCN(CC1)C2=CC(=C(C=C2)NC3=NC=C(C(=N3)NC4=C(SC=C4)C(=O)OC)F)OC,1
CCN\1C(=O)/C(=C\NC2=CC(=CC=C2)NC(=O)C(C)(C)C)/S/C1=C(/C#N)\C(=O)NC3(CCCC3)CO,1
COC1=C(C=C2C(=C1)N=CN2C3=CC(=C(S3)C(=O)N)OCC4=COC=C4)OC,1
CC(C1=CC=CC=C1C(F)(F)F)OC2=C(C=CC(=C2)N3C=NC4=C3C=C(C=C4)OC5CCN(CC5)C)C(=O)N,1
CC1=C(C=CC(=C1)NC2=NC=C3C(=N2)N(CC(C(=O)N3C)(F)F)C4CCCC4)C(=O)NC5CCN(CC5)C,1
COC1=CC=C(C=C1)/C=C/C(=O)NNC(=O)C2=CC3=C(C=C2)OCCO3,1
C1COC2=C(O1)C=CC(=C2)C(=O)NNC(=O)/C=C/C3=CC=CC=C3[N+](=O)[O-],1
C[C@@]12[C@@H]([C@@H](C[C@@H](O1)N3C4=CC=CC=C4C5=C6C(=C7C8=CC=CC=C8N2C7=C53)CNC6=O)NC)OC,1
CC(=O)C1=CC=C(C=C1)NC2=NC=C3CCC4=C(C3=N2)N(N=C4C(=O)N)C,1
CN1CCC(CC1)NC2=CC(=C(C=C2)OC(F)(F)F)NC3=NC=C4CCC5=C(C4=N3)N(N=C5C(=O)N)C,1
COC1=C(C=C(C=C1)NC2=NC=C3CC(=O)NC4=C(C3=N2)C=CC(=C4)F)OC,1
CN1CCN([C@@H](C1)CO)C2=CC(=C(C=C2)OC(F)(F)F)NC3=NC=C4CCC5=C(C4=N3)N(N=C5C(=O)N)C,1
CC1=NN(C2=CC(=NC=C12)N[C@@H](C)C3=CC=CC=C3)C4=CC(=CC(=C4)C5=CC=CC=C5NC(=O)C)Cl,1
CN1C2=NC(=O)N(C(=O)C2=NC(=N1)C3=CC=C(C=C3)C(F)(F)F)C,1
C[C@H](C1=C(C=C(C=C1)CNC(C)(C)C)C2CC2)OC3=C(SC(=C3)C4=CN=C5N4C=CC=C5)C(=O)N,1
C[C@@H](C1=CC=CC=C1)NC2=NC=C3C(=C2)C(=NO3)C4=CC5=C(C=C4)OCO5,1
CC(C)C[C@@H]1C(=O)N(C2=CN=C(N=C2N1C(C)C)NC3=C(C=C(C=C3)C(=O)NC4CCN(CC4)C)OC)C,1
CC1=CSC(=C1NC2=NC(=NC=C2[N+](=O)[O-])NC3=C(C=C4CCN(C4=C3)C(=O)CN(C)C)OC)C(=O)OC,1
C1=CC(=C(C2=C1N=C(S2)N)N)[N+](=O)[O-],1
C[C@@]12[C@@H]([C@@H](C[C@@H](O1)N3C4=CC=CC=C4C5=C6C(=C7C8=CC=CC=C8N2C7=C53)CNC6=O)NC)OC,1
CN1CCC(CC1)C(=O)NC2=CC(=C(C=C2)OC(F)(F)F)NC3=NC=C4CCC5=C(C4=N3)N(N=C5C(=O)N)C,1
CC1=NN(C2=CC(=NC=C12)N[C@@H](C)C3=CC=CC=C3)C4=CC(=CC=C4)S(=O)(=O)C,1
CCC1(CCC2=C1N=C(C=C2)N3C4=NC(=NC=C4C(=O)N3CC=C)NC5=CC=C(C=C5)N6CCN(CC6)C)O,1
CCC1=C(C(=CC=C1)CC)NC(=O)C2=NN(C3=C2CCC4=CN=C(N=C43)NC5=C(C=C(C=C5)C(=O)NC6CCN(CC6)C)OC)C,1
C1CC2=C(NN=C2C3=NC(=NC=C31)NC4=CC=CC=C4)C(=O)N,1
CS(=O)(=O)C1=CC2=C(C=C1)N(C=N2)C3=CC(=C(S3)C(=O)N)OCC4=CC=CC=C4C(F)(F)F,1
CC[C@@H]1C(=O)N(C2=CN=C(N=C2N1CCC(F)(F)F)N3C=CN=C3C4=CC=CC=C4)C,1
CC[C@@H]1C(=O)N(C2=CN=C(N=C2N1C3CCOCC3)C4=C(NN=C4)C5=NC=CS5)C,1
CC(C)(C1=NC(=CC=C1)N2C3=NC(=NC=C3C(=O)N2C)NC4=CC=C(C=C4)N5CCN(CC5)C)O,1
COC1=C(C=C2C(=C1)N=CN2C3=CC(=C(S3)C(=O)N)OCC4CCCO4)OC,1
COC1=C(C=C2C(=C1)N=CN2C3=CC(=C(S3)C(=O)N)OCC4CCCO4)OC,1
CN1C2=C(CCC3=CN=C(N=C32)NC4=CC=C(C=C4)OC)C(=N1)C(=O)N,1
CN1CCN(CC1)C2=CC=C(C=C2)NC3=NC=C4CC(=O)NC5=C(C4=N3)C=CC(=C5)Cl,1
CC[C@@H]1C2=NN=C(N2C3=CN=C(N=C3N1CC4=CSC=C4)NC5=C(C=C(C=C5)C(=O)NC6CCN(CC6)C)OC)C,1
C[C@H](CC(=O)N[C@@H](C1=CN=CS1)C(=O)N[C@@H](CO)C(=O)N[C@@H]([C@@H](C)OP(=O)(O)O)C(=O)N)NC(=O)C2=CC=C(C=C2)CO,1
CCN\1C(=O)/C(=C\NC2=CC=CC=C2)/S/C1=C(/C#N)\C(=O)N3CCCC3,1
CN1CCN(CC1)C2=CC(=C(C=C2)OC(F)(F)F)NC3=NC=CC(=N3)C4=CC(=CN4CCOC5CCCCO5)C(=O)N,1
CC1=NN(C2=CC(=NC=C12)N[C@@H](C)C3=CC=CC=C3)C4=CC(=CC(=C4)Br)Cl,1
CN1C2=C(CCC3=CN=C(N=C32)NC4=CC=CC=C4OC5=CC=CC=C5)C(=N1)C(=O)N,1
CN1CCN(CC1)C2=CC(=C(C=C2)OC(F)(F)F)NC3=NC=C4CCC5=C(C4=N3)N(N=C5C(=O)N)CCCN(C)C,1
CCN1C2=NC(=O)N(C(=O)C2=NC(=N1)C3=CC(=CC=C3)Cl)C,1
CC[C@@H]1C2=NN=C(N2C3=CN=C(N=C3N1CC4=CC=C(C=C4)F)NC5=C(C=C(C=C5)C(=O)NN6CCN(CC6)C)OC)C,1
CC[C@@H]1C(=O)N(C2=CN=C(N=C2N1C3CCCC3)N4C=CC5=C4C=CC(=C5)C(=O)N)C,1
C1COCCN1C2=CC=CC(=C2)NC3=NC=C4CC(=O)NC5=C(C4=N3)C=CC(=C5)Cl,1
CC[C@@H]1C(=O)N(C2=CN=C(N=C2N1CC3=CC=CC=C3)NC4=C(C=C(C=C4)C5CCN(CC5)C)OCC)C,1
CC[C@@H]1C(=O)N(C2=CN=C(N=C2N1C3CCCC3)NC4=C(C=C(C=C4)C(=O)NC5CCCC5)OC)CCO,1
COC1=NC=C2C=C3C=NC=CC3=C(C2=N1)[N+](=O)[O-],1
CN1C2=NC(=O)N(C(=O)C2=NC(=N1)C3=CC(=C(C=C3)OC)OC)C,1
CC1=C2C=NC(=NN2C(=N1)C3=CC=CC=C3)NC4=CC(=CC=C4)OC,1
C1=CC=C(C(=C1)COC2=C(SC(=C2)N3C=NC4=C3C=CC(=C4)C(F)(F)F)C(=O)N)Br,1
C[C@@H](C1=CC=CC=C1Cl)OC2=C(SC(=C2)C3=CN=C4N3C=CC=C4)C(=O)N,1
CCCCN1C2=C(C=CC(=C2)OCC3=CC=C(C=C3)F)C4=C1C(=[N+](C=C4)CC5=CC=CC=C5)C.[Br-],1
C[C@@]12[C@@H]([C@@H](C[C@@H](O1)N3C4=CC=CC=C4C5=C6C(=C7C8=CC=CC=C8N2C7=C53)CNC6=O)NC)OC,1
CCC1C(=O)N(C2=CN=C(N=C2N1C3CCC(C3)(F)F)N4C=CN=C4C5=CC=C(C=C5)F)C,1
CC(C)C[C@@H]1C(=O)N(C2=CN=C(N=C2N1C3CCOCC3)NC4=C(C=C(C=C4)C(=O)NC5CCN(CC5)C)OC)C,1
CN1C2=NC(=O)N(C(=O)C2=NC(=N1)C3=CC=C(C=C3)F)C,1
CC(=O)N(C)C1=CC=CC(=C1)NC2=NC(=NC=C2C3=NNN=N3)NCCC4=CC=CS4,1
CC1=CC(=CC(=C1)C2=NOC3=CN=C(C=C32)N[C@@H](C)C4=CC=CC=C4)C,1
C1C2=CN=C(N=C2C3=C(C=C(C=C3)Cl)NC1=O)NC4=CC=C(C=C4)CCCN,1
CC[C@@H]1C2=NN=C(N2C3=CN=C(N=C3N1CC4=CC=C(C=C4)F)NC5=C(C=C(C=C5)C(=O)NC6CCN(CC6)C)OC)C,1
CC[C@@H]1C(=O)N(C2=CN=C(N=C2N1C3CCCC3)NC4=C(C=C(C=C4)C(=O)NC5CCCC5)OCCOC)C,1
CCNC(=O)/C(=C\1/N(C(=O)/C(=C\NC2=CC=CC(=C2)C(=O)NCCCN3CCCC3)/S1)CC)/C#N,1
CC(=O)C1=CN=C(N=C1NC2CCCC2)NC3=CC=C(C=C3)N4CCN(CC4)C,1
CC(=O)C1=CC=CC=C1NC2=NC=C3CCC4=C(C3=N2)N(N=C4C(=O)N)C,1
COC1=CC=C(C=C1)NC2=NC=C3CC(=O)NC4=C(C3=N2)C=CC(=C4)OC,1
CC(C)(C1=NC(=CC=C1)N2C3=NC(=NC=C3C(=O)N2CC=C)NC4=CC=C(C=C4)N5CCN(CC5)C)O,1
CC[C@@H]1C2=NN=C(N2C3=CN=C(N=C3N1CC4=CC=CC=C4)NC5=C(C=C(C=C5)C(=O)NN6CCN(CC6)C)OC)C,1
COC1=CC2=C(C=C1)C3=NC(=NC=C3CC(=O)N2)NC4=CC(=C(C=C4)O)Cl,1
CC(C)C1=CC=CC=C1NC2=NC=C3CCC4=C(C3=N2)N(N=C4C(=O)N)C,1
C1C2=CN=C(N=C2C3=C(C=C(C=C3)Cl)NC1=O)NC4=CC=CC=C4,1
C[C@H]([C@H]1C(=O)NCCCCC[N+]2=CN(C(=C2)C[C@@H](C(=O)N[C@H](C(=O)N1)CO)NC(=O)C)CCCCCCCCC3=CC=CC=C3)OP(=O)(O)O,1
CN1C2=NC(=O)N(C(=O)C2=NC(=N1)C3=CC=C(C=C3)[N+](=O)[O-])C,1
CC1=C2C=NC(=NN2C(=N1)C3=CC=CC=C3)NC4=CC=C(C=C4)OCCN(C)C,1
CC[C@@H]1C(=O)N(C2=CN=C(N=C2N1[C@H]3CCOC3)N4C=CN=C4C5=CC=CC=C5)C,1
CN1CCN(CC1)C2=CC=C(C=C2)NC3=NC=C4C(=CN(C4=N3)C5=CC=CC(=N5)N=S(=O)(C)C)F,1
C1=CC(=CC(=C1)NC2=NC=NC(=N2)N)C(F)(F)F,1
C1=C(C(C2=C(C1[N+](=O)[O-])SC(=[N+]2[O-])C(=O)N)SC[C@@H](C(=O)O)N)SC(F)(F)F,1
C1=CC(=C(C2=C1N=C(S2)N)N)[N+](=O)[O-],1
CC1=C2C=NC(=NN2C(=N1)C3=CC(=CC=C3)C(=O)C4=CC=CC=C4)NC5=CC(=C(C(=C5)OC)OC)OC,1
C1CCN(CC1)CC(CN2C=C(C3=CC=CC=C32)CC(=O)O)O,1
CC1=NN(C2=CC(=NC=C12)N[C@@H](C)C3=CC=CC=C3)C4=CC=CC(=C4)C#N,1
CCN(CC)S(=O)(=O)C1=CC=C(C=C1)NC2=NC=C3CC(=O)NC4=C(C3=N2)C=CC(=C4)Cl,1
CC[C@@H]1C2=NN=C(N2C3=CN=C(N=C3N1CC4=COC=C4)NC5=C(C=C(C=C5)C(=O)NC6CCN(CC6)C)OC)C,1
CN1C=NC=C1C2=CC(=C(S2)C(=O)N)OCC3=CC=CC=C3C(F)(F)F,1
CC(C)N1C2=C(CCC3=CN=C(N=C32)NC4=CC=CC=C4)C(=N1)C(=O)N,1
CN1C2=C(CCC3=CN=C(N=C32)NC4=CC=CC=C4C(F)(F)F)C(=N1)C(=O)N,1
CC[C@@H]1C2=NN=C(N2C3=CN=C(N=C3N1CC4=CC=CC=C4)NC5=C(C=C(C=C5)C(=O)NC6CCN(CC6)C)OC)C,1
COC1=C(C=C(C=C1)NC2=NC=C3CC(=O)NC4=CC=CC=C4C3=N2)OC,1
C[C@@H]1C(=O)N(C2=CN=C(N=C2N1C3CCCC3)NC4=C(C=C(C=C4)C(=O)OC)OC5CCCC5)C,1
C1=CC=NC(=C1)NC(=O)CSC2=NNC(=N2)C3=C(C=C(C=C3)Cl)Cl,1
CCCNS(=O)(=O)C1=CC=C(C=C1)NC2=NC=C3C(=N2)N(C(C(=O)N3C)CC)C4=NN(C=C4)C,1
CCCCNS(=O)(=O)C1=CC=C(C=C1)NC2=NC=C3C(=N2)N(C(C(=O)N3C)CC)C4=NN(C=C4)C,1
CC1=NN(C2=CC(=NC=C12)N[C@@H](C)C3=CC=CC=C3)C4=CC(=CC=C4)F,1
CC(=O)C1=C(C=CC(=C1)N2CCN(CC2)C)NC3=NC=C4CCC5=C(C4=N3)N(N=C5C(=O)N)C,1
CN(C)CCCC1=C(C(=CC=C1)NC2=NC=C3CC(=S)NC4=C(C3=N2)C=CC(=C4)Cl)OC,1
C1CC1CN2C(=O)C3=C(C=CC(=C3)F)N4C2=NNC4=S,1
CC1=CC(=CC=C1)N2C3=CC(=NC=C3C(=N2)C)N[C@@H](C)C4=CC=CC=C4,1
CC[C@@H]1C(=O)N(C2=CN=C(N=C2N1[C@@H]3CCOC3)N4C=CN=C4C5=CC=CC=C5)C,1
CCCN1C(=O)C2=CN=C(N=C2N1C3=CC=CC(=N3)C(C)(C)O)NC4=CC=C(C=C4)N5CCN(CC5)C,1
CCN1C2=NC(=O)N(C(=O)C2=NC(=N1)C3=CC=C(C=C3)C(=O)OC)C,1
CN1C2=C(CCC3=CN=C(N=C32)NC4=CC=CC=C4[N+](=O)[O-])C(=N1)C(=O)N,1
C1=CC(=CN=C1)CNC2=NC=C(C(=N2)NC3=CC=C(C=C3)C(F)(F)F)C4=NNN=N4,1
CC1=C2C=NC(=NN2C(=N1)C3=CC(=CC=C3)OC4=CC=CC=C4)NC5=CC(=C(C(=C5)OC)OC)OC,1
CCN\1C(=O)/C(=C\NC2=CC=C(C=C2)NC(=O)COC)/S/C1=C(/C#N)\C(=O)OCC,1
C1=C(C=C(C2=C1[N+](=C(S2)C(=O)N)[O-])[N+](=O)[O-])C(F)(F)F,1
CC(C1=CC=CC=C1C(F)(F)F)OC2=C(C=CC(=C2)C3=C(N=CC(=C3)C4=CC=C(S4)CN(C)C)N)C(=O)N,1
CC[C@@H]1C2=NN=C(N2C3=CN=C(N=C3N1CC4=CC=CO4)NC5=C(C=C(C=C5)C(=O)NC6CCN(CC6)C)OC)C,1
CC[C@@H]1C2=NN=C(N2C3=CN=C(N=C3N1C4CCCC4)NC5=C(C=C(C=C5)C(=O)NN6CCN(CC6)C)OC)C,1
C1COCCN1CCNC(=O)C2=CC(=CC=C2)NC3=NC=C4CC(=O)NC5=C(C4=N3)C=CC(=C5)Cl,1
CCN1C2=NC(=O)N(C(=O)C2=NC(=N1)C3=CC=CC=C3)C,1
CC1=[N+](C=CC2=C1N(C3=C2C=CC(=C3)OCC4=CC=CC=C4)CC5=CC=CC=C5)CC6=CC=CC=C6.[Br-],1
CN1CCN(CC1)C2=CC=C(C=C2)C(=O)NC3=NNC4=C3CN(C4)C(=O)CC5=CC=CS5,1
C[C@@]12[C@@H]([C@@H](C[C@@H](O1)N3C4=CC=CC=C4C5=C6C(=C7C8=CC=CC=C8N2C7=C53)CNC6=O)NC)OC,1
CC[C@@H]1C(=O)N(C2=CN=C(N=C2N1CC3=CC(=CC=C3)Cl)NC4=C(C=C(C=C4)C5CCN(CC5)C)OCC)C,1
CC[C@@H]1C(=O)N(C2=CN=C(N=C2N1CC3=CC(=CC=C3)Br)NC4=C(C=C(C=C4)C5CCN(CC5)C)OCC)C,1
CC1=CC(=CC=C1)C2=NOC3=CN=C(C=C32)N[C@@H](C)C4=CC=CC=C4,1
CCCN(CC1CC1)C2=NC(=NC=C2C#N)NC(C)C3=CC=CC=C3,1
CCN1C2=NC(=O)N(C(=O)C2=NC(=N1)C3=CC=C(C=C3)C(F)(F)F)C,1
CCN1C2=NC(=O)N(C(=O)C2=NC(=N1)C3=CC=C(C=C3)[N+](=O)[O-])C,1
C1[C@@H](C2=C(C=C(N2)C3=NC(=NC=C3)N)C(=O)N1)CCF,1
CC(C1=CC=CC=C1)NC2=NC=C(C(=N2)NC3=CC(=CC=C3)OC)C#N,1
C1COC2=C(O1)C=CC(=C2)C(=O)NNC(=O)/C=C/C3=CC=C(C=C3)F,1
CC1=NC=C(N1CCOC(=O)NC2=CC(=C(C=C2)Cl)Cl)[N+](=O)[O-],1
C1=CC(=C(C(=C1)Cl)N/N=C(\C#N)/C(=O)NN)Cl,1
C[C@@H](C1=CC=CC=C1)NC2=NC=C3C(=C2)C(=NO3)C4=CC(=CC=C4)Cl,1
COC1=C(C=C2C(=C1)N=CN2C3=CC(=C(S3)C#N)OCC4=CC=C(C=C4)S(=O)(=O)C)OC,1
COC1=C(C=C2C(=C1)N=CN2C3=CC(=C(S3)C(=O)O)OCC4=CC=CC=C4)OC,1
COC1=C(C=C2C(=C1)N=CN2C3=CC(=C(S3)C#N)OCC4=CC=C(C=C4)S(=O)(=O)C)OC,1
CCN1C2=NC(=O)N(C(=O)C2=NC(=N1)C3=CC=CC=C3C)C,1
CC1=NN(C2=CC(=NC=C12)N[C@@H](C)C3=CC=CC=C3)C4=CC(=CC(=C4)Cl)Cl,1
COC1=CC(=CC(=C1OC)OC)C2C3CC(CCC3NN2)/C=C(\C#N)/C(=O)N,1
CNC(=O)/C(=C/C1CCC2C(C1)C(NN2)C3=CC(=C(C(=C3)OC)OC)OC)/C#N,1
CCC1C(=O)N(C2=CN=C(N=C2N1C3=NN(C=C3)C)NC4=CC=C(C=C4)S(=O)(=O)NCCCO)C,1
CC1=C2C=NC(=NN2C(=N1)C3=CC=CC=C3)NC4=CC=C(C=C4)OC,1
COC1=C(C=C2C(=C1)N=CN2C3=CC(=C(S3)C#N)OCC4=CC=CC=C4C(F)(F)F)OC,1
CC1=NN(C2=CC(=NC=C12)N[C@@H](C)C3=CC=CC=C3)C4=CC=C(C=C4)OC,1
CC1=CC(=C(O1)C(F)(F)F)NC(=O)NC2=NC=C(S2)CCNC3=CC(=NC=N3)NC4=NC=NN4,1
CC[C@@H]1C2=NN=C(N2C3=CN=C(N=C3N1C4CCCC4)NC5=C(C=C(C=C5)C(=O)NC6CCN(CC6)C)OC)C,1
C1=CC=C(C(=C1)C(=O)N)NC2=NC(=NC=C2)NC3=CC(=CC=C3)O,1
CN1CCN(CC1)CC2=CC(=CC=C2)NC3=NC=C4CC(=O)NC5=C(C4=N3)C=CC(=C5)Cl,1
CCC1C(=O)N(C2=CN=C(N=C2N1C3=NN(C=C3)C)NC4=CC=C(C=C4)S(=O)(=O)NC)C,1
CC(C1=CC=CC=C1)NC2=NC=C(C(=N2)N3CCC4=CC=CC=C4C3)C#N,1
COC1=CC2=C(C=C1)C3=NC(=NC=C3CC(=O)N2)NC4=CC=C(C=C4)O,1
C1=CC2=C(C=C1F)C(=O)N(C3=NNC(=S)N23)CCC(F)(F)F,1
CC1=NC2=C(N1)C3(CCN(CC3)CC4=CC=CC=C4)C(=C(O2)N)C#N.Cl,1
CC[C@@H]1C(=O)N(C2=CN=C(N=C2N1C(C)C)C3=C(NN=C3)C4=NC=CS4)C,1
C1CC1CN2C(=O)C3=C(C=CC(=C3)F)N4C2=NNC4=S,1
CC1=CSC=C1C2=NOC3=CN=C(C=C32)N[C@@H](C)C4=CC=CC=C4,1
C1=CC(=CC(=C1)NC(=O)C2=C(NN=C2)N)C(F)(F)F,1
CCC1=CC=C(C=C1)C2=NN(C3=NC(=O)N(C(=O)C3=N2)C)CC,1
COC1=C(C=C2C(=C1)N=CN2C3=CC(=C(S3)C#N)OCC4=CC=CC=C4S(=O)(=O)C)OC,1
COC1=C(C=C2C(=C1)N=CN2C3=CC(=C(S3)C#N)OCC4=CC=CC=C4S(=O)(=O)C)OC,1
CC(C)(C)OC(=O)N1CCC2=C(C1=O)C=C(N2C)C3=NC(=NC=C3)NC4=C(C=CC(=C4)N5CCN(CC5)C)OC(F)(F)F,1
C[C@H](C1=CC=CC=C1C(F)(F)F)OC2=C(C=CC(=C2)C3=C(N=CC(=C3)C4=CC(=CS4)CN(C)C)N)C(=O)N,1
C[C@@]12[C@@H]([C@@H](C[C@@H](O1)N3C4=CC=CC=C4C5=C6C(=C7C8=CC=CC=C8N2C7=C53)CNC6=O)NC)OC,1
CC[C@@H]1C(=O)N(C2=CN=C(N=C2N1C3CCCC3)NC4=C(C=C(C=C4)C(=O)NC5CCN(CC5)C)OC)C,1
COC1=CC2=C(C=C1)C3=NC(=NC=C3CC(=O)N2)NC4=CC(=CC=C4)O,1
CN1C2=NC(=O)N(C(=O)C2=NC(=N1)C3=CC=C(C=C3)C(F)(F)F)C,1
CC1=[N+](C=CC2=C1N(C3=C2C=CC(=C3)OCC4=CC=C(C=C4)F)CCCC5=CC=CC=C5)CC6=CC=CC=C6.[Br-],1
CC(C)(C)OC(=O)N1CCN(CC1)C2=CC(=C(C=C2)OC(F)(F)F)NC3=NC=C4CCC5=C(C4=N3)N(N=C5C(=O)N)C,1
COC1=CC=CC=C1NC2=NC=NC3=C2NC=N3,1
C[C@@]12[C@@H]([C@@H](C[C@@H](O1)N3C4=CC=CC=C4C5=C6C(=C7C8=CC=CC=C8N2C7=C53)CNC6=O)NC)OC,1
CC[C@@H]1C(=O)N(C2=CN=C(N=C2N1C(C)C)N3C=CN=C3C4=CC=CC=C4)C,1
C1=CC=NC(=C1)CCN2C(=O)C3=C(C=CC(=C3)F)N4C2=NNC4=S,1
CN1C2=C(CCC3=CN=C(N=C32)NC4=CC=C(C=C4)C(F)(F)F)C(=N1)C(=O)N,1
CCC1C(=O)N(C2=CN=C(N=C2N1C3=NN(C=C3)C)NC4=CC=C(C=C4)S(=O)(=O)NCC(C)C)C,1
CC[C@@H]1C(=O)N(C2=CN=C(N=C2N1C3CCCC3)NC4=C(C=C(C=C4)C(=O)NC5CCCC5)OCC6=CC=CC=C6)C,1
C1=CC2=C(C=C1F)C(=O)N(C3=NNC(=S)N23)CCC4=CC=NC=C4,1
CC1=[N+](C=CC2=C1N(C3=C2C=CC(=C3)OC)CC4=CC(=CC=C4)Cl)CCCC5=CC=CC=C5.[Br-],1
CC(=O)NC1=CC=C(C=C1)NC2=NC=C(C(=N2)NC3=CC=CC=C3C(=O)C4=CC=CC=C4)[N+](=O)[O-],1
CCN1C2=NC(=O)N(C(=O)C2=NC(=N1)C3=CC=C(C=C3)OC)C,1
CC[C@@H]1C2=NN=C(N2C3=CN=C(N=C3N1CC4=CC=C(C=C4)F)NC5=CC=CC=C5OC)C,1
CCN1C2=NC(=O)N(C(=O)C2=NC(=N1)C3=CC=C(C=C3)C)C,1
CN1C2=C(CCC3=CN=C(N=C32)NC4=CC=CC=C4CC5=CC=CC=C5)C(=N1)C(=O)N,1
CN1C2=C(CCC3=CN=C(N=C32)NC4=CC=CC=C4NC5=CC=CC=C5)C(=N1)C(=O)N,1
CC(C)(C)C1=CC=C(C=C1)NC2=NC(=NC=C2C3=NNN=N3)NCC4=CN=CC=C4,1
C1COCCN1CC(CN2C=C(C3=CC=CC=C32)CC(=O)O)O,1
COC1=CC=CC(=C1)CC(=O)NCCCN2C(=O)C3=C(C=CC(=C3)F)N4C2=NNC4=S,1
CC1(CC(CC(N1C)(C)C)NC2=CC(=C(C=C2)OC(F)(F)F)NC3=NC=C4CCC5=C(C4=N3)N(N=C5C(=O)N)C)C,1
CC[C@@H]1C2=NN=C(N2C3=CN=C(N=C3N1CC4=CC(=CC=C4)C(F)(F)F)NC5=CC=CC=C5OC)C,1
CC1=NN(C2=CC(=NC=C12)N[C@@H](C)C3=CC=CC=C3)C4=CC(=CC=C4)N(C)C,1
C1CNC(=O)C2=C1NC(=C2)C3=CC=NC=C3,1
C1=CC(=CC=C1CC(=O)NCCCN2C(=O)C3=C(C=CC(=C3)F)N4C2=NNC4=S)C#N,1
CC1=CC(=C(C=C1)NC(=S)NCCNC2=NC=CC(=N2)C(F)(F)F)C,0
C1=CC2=C(NC=C2C3=CC=C(C=C3)/C=C(\C#N)/C(=O)N)N=C1,0
COC1=CC(=CC(=C1O)OC)/C=C(\C#N)/C2=C(C(=NN2)N)C#N,0
CC1=C2C(=NN1)OC(=C(C23CCN(CC3)CC4=CC=CC=C4)C#N)N,0
CCCN1C(=O)C2=CC=CC=C2N3C1=NNC3=S,0
CCCCN1C(=O)C2=CC=CC=C2N3C1=NNC3=S,0
C1COC2=C(O1)C=CC(=C2)NC3=NC(=NC=C3C4=NNN=N4)NCCC5=CC=CS5,0
CCC1C(=O)N(C2=CN=C(N=C2N1C3=NN(C=C3)C)NC4=CC=C(C=C4)S(=O)(=O)N)C,0
CC1=CC=C(C=C1)/C=C/C(=O)NNC(=O)C2=CC3=C(C=C2)OCCO3,0
CC1=C2C=NC(=NN2C(=N1)C3=CC=C(C=C3)C(F)(F)F)NC4=CC(=C(C(=C4)OC)OC)OC,0
COC1=CC=C(C=C1)CC(=O)NCCCN2C(=O)C3=C(C=CC(=C3)F)N4C2=NNC4=S,0
C1=CC(=CN=C1)CCN2C(=O)C3=C(C=CC(=C3)F)N4C2=NNC4=S,0
CN1C2=C(CCC3=CN=C(N=C32)NC4=CC=CC=C4C(=O)OC)C(=N1)C(=O)N,0
C1CNC(=O)C2=C1NC(=C2)C3=NC(=NC=C3)N,0
CCCCNC(=O)C1=CC2=C(C=C1)N(C=C2)C3=NC=C4C(=N3)N(C(C(=O)N4C)CC)C5=NN(C=C5)C,0
C1=CC(=CC(=C1)Cl)CC(=O)NCCCN2C(=O)C3=C(C=CC(=C3)F)N4C2=NNC4=S,0
COC1=CC=CC=C1CC(=O)NCCCN2C(=O)C3=C(C=CC(=C3)F)N4C2=NNC4=S,0
C1=CC(=CC=C1CC(=O)NCCCN2C(=O)C3=C(C=CC(=C3)F)N4C2=NNC4=S)O,0
CCCN1C(=O)C2=C(C=CC(=C2)F)N3C1=NNC3=S,0
CC1=CC=C(C=C1)C2=NOC3=CN=C(C=C32)N[C@@H](C)C4=CC=CC=C4,0
CC1=CC=C(C=C1)CC(=O)NCCCN2C(=O)C3=C(C=CC(=C3)F)N4C2=NNC4=S,0
C[C@H]1C[C@@H]1N2C(=O)C3=C(C=CC(=C3)F)N4C2=NNC4=S,0
CC1=C2C=NC(=NN2C(=N1)C3=CC=CC=C3)NC4=CC=CC=C4,0
CN1C2=CC=CC=C2N=C1C3=NC(=NC=C3)NC4=CC(=C(C=C4)OC)O,0
CC[C@@H]1C(=O)N(C2=CN=C(N=C2N1C3CCCC3)NC4=C(C=C(C=C4)C(=O)NC5CCCC5)OC)COC,0
CCCN(C)CN1C(=S)N2C3=CC=CC=C3C(=O)N(C2=N1)C,0
CCC1C(=O)N(C2=CN=C(N=C2N1C3=NN(C=C3)C)N4C=CC5=C4C=CC(=C5)C(=O)NC6CCCC6)C,0
CC[C@@H]1C(=O)N(C2=CN=C(N=C2N1C3CCCC3)N4C=CC5=CC=CC=C54)C,0
C1=CC=C(C=C1)CC(=O)NCCCN2C(=O)C3=C(C=CC(=C3)F)N4C2=NNC4=S,0
C1=CC=C(C(=C1)CC(=O)NCCCN2C(=O)C3=C(C=CC(=C3)F)N4C2=NNC4=S)C#N,0
C1=CC=C2C(=C1)C(=O)N(C3=NNC(=S)N23)CCC(F)(F)F,0
CC[C@@H]1C(=O)N(C2=CN=C(N=C2N1C3=CN(N=C3)C)C4=C(NN=C4)C5=C(C=C(C=C5)F)F)C,0
CC(=O)O[C@@H]1C[C@]2([C@@H](CCC2=O)C3=C1[C@]4([C@H](OC(=O)C5=COC(=C54)C3=O)COC)C)C,0
CC(C)N1C(=O)C2=CC=CC=C2N3C1=NNC3=S,0
CC1=NN(C2=CC(=NC=C12)N[C@@H](C)C3=CC=CC=C3)C4=CC=CC=C4,0
C=CCN1C(=O)C2=CC=CC=C2N3C1=NNC3=S,0
CC(C1=CC=CC=C1C(F)(F)F)OC2=C(C=CC(=C2)C3=C(N=CC(=C3)C4=CC(=CS4)CN(C)C)N)C(=O)N,0
CN1CCC(CC1)OC2=CC3=C(C=C2)N=CN3C4=CC(=C(S4)C(=O)N)OC,0
CCCN1C(=O)C2=CC=CC=C2N3C1=NN=C3SC(=O)C,0
CC1=CC=C(C=C1)C2=NN(C3=NC(=O)N(C(=O)C3=N2)C)C,0
CC[C@@H]1C(=O)N(C2=CN=C(N=C2N1C3=NN(C=C3)C)N4C=CN=C4C5=CC=C(C=C5)F)C,0
C1=CC(=CC=C1CC(=O)NCCCN2C(=O)C3=C(C=CC(=C3)F)N4C2=NNC4=S)F,0
CCN1C2=NC(=O)N(C(=O)C2=NC(=N1)C3=CC=CC=C3Br)C,0
CC1=C(SC2=C1C(=O)NC=N2)C(=O)OC,0
CC1=CC=CC=C1C(=O)O/N=C\2/C=C(C(=O)C=C2C)C,0
C1CN(CCC1(F)F)CCN2C(=O)C3=C(C=CC(=C3)F)N4C2=NNC4=S,0
CC[C@@H]1C2=NN=CN2C3=CN=C(N=C3N1CC4=CC=CS4)NC5=C(C=C(C=C5)C(=O)NC6CCN(CC6)C)OC,0
C1C2=CN=C(N=C2C3=C(C=CN=C3)NC1=O)NC4=CC(=C(C=C4)O)Cl,0
C1=CC=C(C(=C1)CC(=O)NCCCN2C(=O)C3=C(C=CC(=C3)F)N4C2=NNC4=S)C(F)(F)F,0
CC[C@@H]1C(=O)N(C2=CN=C(N=C2N1[C@H]3CCOC3)C4=C(NN=C4)C5=NC=CS5)C,0
C1=CC(=CC(=C1)F)CC(=O)NCCCN2C(=O)C3=C(C=CC(=C3)F)N4C2=NNC4=S,0
C1=CC2=C(C=C1F)C(=O)N(C3=NNC(=S)N23)CCCO,0
CN1C2=NC(=O)N(C(=O)C2=NC(=N1)C3=CC=CC=C3)C,0
C1CCC(C1)C(=O)NCCCN2C(=O)C3=C(C=CC(=C3)F)N4C2=NNC4=S,0
CC1=NN(C2=CC(=NC=C12)N[C@@H](C)C3=CC=CC=C3)C4=CC=CC(=C4)C(C)C,0
C1=CC(=CC=C1CN2C=CN=C2)C(=O)NCCCN3C(=O)C4=C(C=CC(=C4)F)N5C3=NNC5=S,0
CC(C)NC(=O)CCN1C(=O)C2=C(C=CC(=C2)Cl)N3C1=NNC3=S,0
CCN1C(=O)C2=CC=CC=C2N3C1=NNC3=S,0
CC1=C2C=NC(=NN2C(=N1)C3=CC=CC=C3)NCC4=CC=CC=C4,0
CC(C)(C1=NC(=CC=C1)N2C3=NC(=NC=C3C(=O)N2)NC4=CC=C(C=C4)N5CCN(CC5)C)O,0
CC(C)(C1=NC(=CC=C1)N2C3=NC(=NC=C3C(=O)N2CCOC)NC4=CC=C(C=C4)N5CCN(CC5)C)O,0
C1CCN(CC1)CCN2C(=O)C3=C(C=CC(=C3)F)N4C2=NNC4=S,0
CCC1C(=O)N(C2=CN=C(N=C2N1C3=NN(C=C3)C)N4C=CC5=C4C=CC(=C5)C(=O)NC(C)C)C,0
C1COCCN1C2=CC3=C(C=C2)N4C(=S)NN=C4N(C3=O)CCC5=CC=CC=C5,0
CCN1C2=NC(=O)N(C(=O)C2=NC(=N1)C3=CC=CC=C3Cl)C,0
C1COC2=C(O1)C=CC(=C2)C(=O)NNC(=O)/C=C/C3=CC=C(C=C3)Cl,0
C1COC2=C(O1)C=CC(=C2)C(=O)NNC(=O)/C=C/C3=CC(=CC=C3)[N+](=O)[O-],0
CC(C1=CC=CC=C1C(F)(F)F)OC2=C(C=CC(=C2)C3=C(N=CC(=C3)C4=CC=C(C=C4)CN(C)C)N)C(=O)N,0
CN1C2=C(CCC3=CN=C(N=C32)NC4=CC=CC=C4C5=CC=CC=C5)C(=N1)C(=O)N,0
C1=CC(=CC=C1CC(=O)NCCCN2C(=O)C3=C(C=CC(=C3)F)N4C2=NNC4=S)Br,0
CC(C1=CC=CC=C1)NC2=NC=C(C(=N2)OCC3CCCCO3)C#N,0
CCCN(CC1CC1)C2=NC(=NC=C2C#N)NCC3=CC4=C(C=C3)OCO4,0
C1=CC=C(C=C1)C(=O)NCCCN2C(=O)C3=C(C=CC(=C3)F)N4C2=NNC4=S,0
C[C@@H](C1=CC=CC=C1)NC2=NC=C3C(=C2)C(=NO3)C4=CC=CC=C4,0
CC(C)OCCCN1C(=O)C2=C(C=CC(=C2)Cl)N3C1=NNC3=S,0
CCCN1C(=O)C2=CC=CC=C2N3C1=NN(C3=S)CN(C)C4CC4,0
C1COCCN1CCN2C(=O)C3=C(C=CC(=C3)F)N4C2=NNC4=S,0
CCC1=C(C(=CC=C1)CC)NC(=O)C2=NN(C3=C2CCC4=CN=C(N=C43)NC5=C(C=C(C=C5)C(=O)NCCN(C)C)OC)C,0
CCCN1C(=O)C2=CC=CC=C2N3C1=NN(C3=S)CN(CC)CC4CC4,0
CCCN1C2NN(C(=S)N2C3CCCCC3C1=O)CN(CC)CC(C)C,0
CC1=CC=CC=C1C2=NN(C3=NC(=O)N(C(=O)C3=N2)C)C,0
CCOCCCN1C(=O)C2=CC=CC=C2N3C1=NNC3=S,0
CCOC1=CC=C(C=C1)NC2=NC=C3CC(=O)NC4=C(C3=N2)C=NC=C4,0
CC1=CC(=CC=C1)N2C(=O)C3=CN=C(N=C3N2C4=CC=CC(=N4)C(C)(C)O)NC5=CC=C(C=C5)N6CCN(CC6)C,0
CC(C)CCN1C(=O)C2=CC=CC=C2N3C1=NNC3=S,0
COCCCN1C(=O)C2=CC=CC=C2N3C1=NNC3=S,0
CCCN1C(=O)C2=C(C=CC(=C2)Cl)N3C1=NNC3=S,0
CC1=C(C(=NO1)C)CCC(=O)NCCCN2C(=O)C3=C(C=CC(=C3)F)N4C2=NNC4=S,0
COC1=CC=C(C=C1)N2NC3=C(NN=C3N2)N,0
C1COCCC1C(=O)NCCCN2C(=O)C3=C(C=CC(=C3)F)N4C2=NNC4=S,0
CC[C@@H]1C(=O)N(C2=CN=C(N=C2N1CC3=CC(=CC=C3)C#N)NC4=C(C=C(C=C4)C5CCN(CC5)C)OCC)C,0
CC(C)(C1=NC(=CC=C1)N2C3=NC(=NC=C3C(=O)N2C4CCCC4)NC5=CC=C(C=C5)N6CCN(CC6)C)O,0
CC(C)(C1=NC(=CC=C1)N2C3=NC(=NC=C3C(=O)N2CC4CCC4)NC5=CC=C(C=C5)N6CCN(CC6)C)O,0
CC1=CC=CC=C1N2C(=O)C3=CN=C(N=C3N2C4=CC=CC(=N4)C(C)(C)O)NC5=CC=C(C=C5)N6CCN(CC6)C,0
CCC1C(=O)N(C2=CN=C(N=C2N1C3=CN(N=C3)C)C4=C(NN=C4)C5=NC=CS5)C,0
CCC1C(=O)N(C2=CN=C(N=C2N1C3=CN(N=C3)C)C4=C(NN=C4)C5=CC=CC=N5)C,0
C1CCN(CC1)CC(CN2C=C(C3=CC=CC=C32)CCC(=O)C4=CC=CC=C4)O,0
CCCN1C(=O)C2=CC=CC=C2N3C1=NN(C3=S)CN(C)CCC,0
CC(C)(C)OC(=O)N1CCN(CC1)CCN2C(=O)C3=C(C=CC(=C3)F)N4C2=NNC4=S,0
CC1=C(C(=CC=C1)N2C(=O)C3=CC=CC=C3N4C2=NNC4=S)C,0
CC1=C(C(=CC=C1)N2C(=O)C3=CC=CC=C3[N+]4=C2N=NC4=S)C,0
CS(=O)(=O)NCCCN1C(=O)C2=C(C=CC(=C2)F)N3C1=NNC3=S,0
CN1CCN(CC1)CC(CN2C=C(C3=CC=CC=C32)CC(=O)O)O,0
CCN(CC)CC(CN1C=C(C2=CC=CC=C21)C(=O)O)O,0
CN1C2=C(CCC3=CN=C(N=C32)NC4=CC=CC=C4C(=O)C5=CC=CC=C5)C(=N1)C(=O)N,0
CCCCCN1C(=O)C2=CC=CC=C2N3C1=NNC3=S,0
CC1=C2C=NC(=NN2C(=N1)C3=CC=CC=C3[N+](=O)[O-])NC4=CC(=C(C(=C4)OC)OC)OC,0
CCN1C(=O)C2=C(C=CC(=C2)F)N3C1=NNC3=S,0
C1=CC=C2N=C\3C(=C(C(=O)/C3=C/C4=CC=C(C=C4)O)C5=C6C(=NC7=CC=CC=C67)/C(=C\C8=CC=C(C=C8)O)/C5=O)C2=C1,0
C1COCCN1C2=CC(=O)C3=C(O2)C(=CC=C3)C4=CC=CC=C4,0
C1=CC(=CC(=C1)F)COC2=C(C=C(C=C2)NC3=NC=NC4=C3C=C(C=C4)C5=CC=C(O5)C(=O)NO)Cl,0
CC1=CC2=C(C=C1)N3C(=S)NN=C3N(C2=O)CCC(=O)NC(C)C,0
CC[C@@H]1C(=O)N(C2=CN=C(N=C2N1C3CCCC3)N(C)C4=C(C=C(C=C4)C5=NC6=C(C=CC=C6N5)C(=O)N)OC)C,0
CN1C2=C(CCC3=CN=C(N=C32)NC4=CC=CC=C4SC5=CC=CC=C5)C(=N1)C(=O)N,0
CC(=O)C1=C(C=CC=C1N2CCN(CC2)C)NC3=NC=C4CCC5=C(C4=N3)N(N=C5C(=O)N)C,0
CCCN1C(=O)C2=C(C(=CC=C2)F)N3C1=NNC3=S,0
CN1C2=C(CCC3=CN=C(N=C32)NC4=CC=CC=C4C(=O)N)C(=N1)C(=O)N,0
CC[C@@H]1C2=NN=CN2C3=CN=C(N=C3N1CC4CCCCC4)NC5=C(C=C(C=C5)C(=O)NN6CCN(CC6)C)OC,0
C1COCCN1C2=CC(=O)C3=C(O2)C(=CC=C3)C4=CC=CC=C4,0
C1=CC=C(C=C1)C(=O)NC2=NC=C(S2)C3=CC(=C(S3)C(=O)N)OCC4=CC=CC=C4C(F)(F)F,0
C1CCN(CC1)CC(CN2C=C(C3=CC=CC=C32)C(=O)O)O,0
C[N+]1(CCC2=CC3=C(C(=C2C1CC(=O)C4=CC=CC=N4)OC)OCO3)C.[I-],0
CC1(CN(CC2=C1C=CC(=C2)NC3=NC=C4C(=N3)N(N(C4=O)CC=C)C5=CC=CC(=N5)C(C)(C)O)C)C,0
CC1=NC(=CC=C1)N2C3=NC(=NC=C3C(=O)N2CC=C)NC4=CC5=C(CCN(C5)C)C=C4,0
C1=CC2=C(C=C1Cl)C(=O)N(C3=NNC(=S)N23)CCC(F)(F)F,0
CC1=CC(=O)C(=CC1=O)C(C)C,0
C1=CC2=C(C=C1F)C(=O)N(C3=NNC(=S)N23)CCCNC(=O)CCCS(=O)(=O)N,0
CC(=O)NC1=CC2=C(C=C1)N3C(=S)NN=C3N(C2=O)CCC4=CC=CC=C4,0
C1=CC(=CC=C1N=NC2=C(NN=C2)N)Cl,0
CCCCCCCCC1=CC=C(C=C1)C(=O)NC2=C(C=C(C=C2)C)C(=O)O,0
CC[C@@H]1C2=NN=CN2C3=CN=C(N=C3N1CC4CCCCC4)NC5=C(C=C(C=C5)C(=O)NC6CCN(CC6)C)OC,0
CCOC1=C(C=CC2=C1SC3=C2C(=O)NC=N3)Br,0
C1=CC(=CC(=C1)C(F)(F)F)CC(=O)NCCCN2C(=O)C3=C(C=CC(=C3)F)N4C2=NNC4=S,0
C1=CC2=C(C=C1F)C(=O)N(C3=NNC(=S)N23)CCCN,0
C1C2=CN=C(N=C2C3=C(C=CN=C3)NC1=O)NC4=CC(=CC=C4)O,0
CC1(CNCC2=C1C=CC(=C2)NC3=NC=C4C(=N3)N(N(C4=O)CC=C)C5=CC=CC(=N5)C(C)(C)O)C,0
CC[C@@H]1C2=NN=CN2C3=CN=C(N=C3N1CC4=CSC=C4)NC5=C(C=C(C=C5)C(=O)NC6CCN(CC6)C)OC,0
CC1=CC=CC=C1C(=O)O/N=C/C2=CC(=O)C(=CC2=O)C(C)C,0
CC(C)(C)OC(=O)CC[C@@H](C(=O)NCCCN1C(=O)C2=C(C=CC(=C2)F)N3C1=NNC3=S)N,0
CCC1C(=O)N(C2=CN=C(N=C2N1C3=CC=C(C=C3)F)N4C=CN=C4C5=CC=C(C=C5)F)C,0
CC(C)(C)OC(=O)NC1CCC(CC1)C(=O)NCCCN2C(=O)C3=C(C=CC(=C3)F)N4C2=NNC4=S,0
COC1=CC=CC(=C1)NC2=NC=NC3=C2NC=N3,0
C1=C(C=C(C2=C1[N+](=C(S2)C(=O)N)[O-])[N+](=O)[O-])C(F)(F)F,0
CCC1C(=O)N(C2=CN=C(N=C2N1C3=NN(C=C3)C)NC4=CC=C(C=C4)S(=O)(=O)NCCO)C,0
CCOC(=O)C1=C(C2=C(S1)N=CNC2=O)C,0
CCCN1C(=O)C2=C(C(=CC=C2)OC)N3C1=NNC3=S,0
CN(C)CCN1C(=O)C2=C(C=CC(=C2)F)N3C1=NNC3=S,0
CN1C2=NC(=O)N(C(=O)C2=NC(=N1)C3=CC4=C(C=C3)OCO4)C,0
CCCNC(=O)C1=CC2=C(C=C1)N(C=C2)C3=NC=C4C(=N3)N(C(C(=O)N4C)CC)C5=NN(C=C5)C,0
CC1=CC(=CC=C1)NC2=NC=NC3=C2NC=N3,0
CC(=O)NCCN1C(=O)C2=C(C=CC(=C2)F)N3C1=NNC3=S,0
CC(=O)NCCCN1C(=O)C2=C(C=CC(=C2)F)N3C1=NNC3=S,0
CCCN1C(=O)C2=C(C(=CC=C2)Cl)N3C1=NNC3=S,0
COC1=CC=C(C=C1)NC2=NC=C3CC(=O)NC4=C(C3=N2)C=NC=C4,0
C1=C(C(C2=C(C1[N+](=O)[O-])SC(=[N+]2[O-])C(=O)N)SC[C@@H](C(=O)O)N)C(F)(F)F,0
C1=CC(=CN=C1)CC(=O)NCCCN2C(=O)C3=C(C=CC(=C3)F)N4C2=NNC4=S,0
CC(=O)NC1=CC=CC=C1NC2=NC=C3CCC4=C(C3=N2)N(N=C4C(=O)N)C,0
CCC1C(=O)N(C2=CN=C(N=C2N1C3=NN(C=C3)C)N4C=CC5=C4C=CC(=C5)C(=O)NCC(C)C)C,0
CC[C@@H]1C2=NN=CN2C3=CN=C(N=C3N1CC4=CC=C(C=C4)OCC)NC5=C(C=C(C=C5)C(=O)NN6CCN(CC6)C)OC,0
C1=CC=C(C=C1)CCN2C(=O)C3=C(C(=CC=C3)F)N4C2=NNC4=S,0
C1C2=CN=C(N=C2C3=C(C=CN=C3)NC1=O)NC4=CC=C(C=C4)O,0
CC[C@@H]1C(=O)NC2=CN=C(N=C2N1C(C)C)NC3=C(C=C(C=C3)C(=O)NC4CCN(CC4)C)OC,0
CCN(CC)CC(CN1C=C(C2=CC=CC=C21)CC(=O)O)O,0
COC1=CC=C(C=C1)CN2C3=C(CCC4=CN=C(N=C43)NC5=C(C=CC(=C5)N6CCNCC6)OC(F)(F)F)C(=N2)C(=O)N,0
CC1=C2C=NC(=NN2C(=N1)C3=CC=CC=C3Br)NC4=CC(=C(C(=C4)OC)OC)OC,0
CN1C2=C(CCC3=CN=C(N=C32)NC4=C(C=CC(=C4)[N+]5(CC[N+](CC5)(C)[O-])[O-])OC(F)(F)F)C(=N1)C(=O)N,0
C1=CC(=CC(=C1)F)COC2=C(C=C(C=C2)NC3=NC=NC4=C3C=C(C=C4)C5=CC=C(S5)/C=C/C(=O)NO)Cl,0
CC(C)(C)OC(=O)NC1=CC=C(C=C1)CC(=O)NCCCN2C(=O)C3=C(C=CC(=C3)F)N4C2=NNC4=S,0
CC1=C2C=NC(=NN2C(=N1)C3=CC=CC=C3)NC4=CC=C(C=C4)S(=O)(=O)N,0
CC1(CCN(CC1)C)C2=CC=C(C=C2)NC3=NC=C4C(=N3)N(N(C4=O)CC=C)C5=CC=CC(=N5)C(C)(C)O,0
CN1C(=O)C2=C(C=C(C=C2)C(=O)NC3CCCC3)N4C1=NNC4=S,0
CC[C@@H]1C2=NN=CN2C3=CN=C(N=C3N1CC4=CC(=CC=C4)Br)NC5=C(C=C(C=C5)C(=O)NC6CCN(CC6)C)OC,0
CC[C@@H]1C2=NN=CN2C3=CN=C(N=C3N1CC4=CC=C(C=C4)Cl)NC5=C(C=C(C=C5)C(=O)NC6CCN(CC6)C)OC,0
CS(=O)(=O)NCCN1C(=O)C2=C(C=CC(=C2)F)N3C1=NNC3=S,0
CN(C)C1=CC2=C(C=C1)N3C(=S)NN=C3N(C2=O)CCC4=CC=CC=C4,0
CC1=C2C=NC(=NN2C(=N1)C3=CC=CC=C3)NC4=CC=C(C=C4)[N+](=O)[O-],0
CC1CCN(CC1)C2=NC=NC3=C2NC=N3,0
CCC1C(=O)N(C2=CN=C(N=C2N1C3=CC=CC=C3)N4C=CN=C4C5=CC=CC=C5)C,0
C1CC(CCC1CCN2C(=O)C3=C(C=CC(=C3)F)N4C2=NNC4=S)(F)F,0
CC(C)(C)OC(=O)NCCOCCOCCOCCC(=O)NCCCN1C(=O)C2=C(C=CC(=C2)F)N3C1=NNC3=S,0
CCOC(=O)C1=CC=C(C=C1)NC(=O)C2=C(NC(=O)NC2=O)O,0
C1=CC(=CC(=C1)F)COC2=C(C=C(C=C2)NC3=NC=NC4=C3C=C(C=C4)C5=CC=C(S5)C(=O)NO)Cl,0
C1CCN(C1)CC(CN2C=C(C3=CC=CC=C32)CCC(=O)O)O,0
CC[C@@H]1C2=NN=CN2C3=CN=C(N=C3N1CC4=CC=C(C=C4)OCC)NC5=C(C=C(C=C5)C(=O)NC6CCN(CC6)C)OC,0
CC(C)CNC(=O)CCN1C(=O)C2=CC=CC=C2N3C1=NNC3=S,0
C[C@@H](C1=CC=CC=C1)NC2=NC=C3C(=C2)C(=NO3)C4=CC=CS4,0
CCCN1C(=O)C2=C(C=C(C=C2)C(=O)NC(C)C)N3C1=NNC3=S,0
C1=CC2=C(C=C1F)C(=O)N(C3=NNC(=S)N23)CCCNC(=O)CC4=CC=NC=C4,0
CC[C@@H]1C(=O)N(C2=CN=C(N=C2N1C3=CNN=C3)C4=C(NN=C4)C5=NC=CS5)C,0
CCC1=C(C(=CC=C1)CC)NC(=O)C2=NN(C3=C2CCC4=CN=C(N=C43)NC5=C(C=C(C=C5)C(=O)N)OC)C,0
C1=CC2=C(C=C1F)C(=O)N(C3=NNC(=S)N23)CCCNC(=O)CCCCCN,0
CCC1C(=O)N(C2=CN=C(N=C2N1C3=NN(C=C3)C)N4C=CC5=C4C=CC(=C5)C(=O)NC)C,0
CC1=C(C2=C(C(=C1O)O)O[C@@H]3C4=C(C(=C(C(=C4C(=O)[C@H]2O3)O)O)O)C)C=O,0
CC1=NN2C(=O)/C(=C/C3=C(C=CC(=C3)Br)OC)/SC2=NC1=O,0
CC(C)(C)OC(=O)NCCOCCOCCOCCOCCC(=O)NCCCN1C(=O)C2=C(C=CC(=C2)F)N3C1=NNC3=S,0
CC(C)(C)OC(=O)NCCCCCC(=O)NCCCN1C(=O)C2=C(C=CC(=C2)F)N3C1=NNC3=S,0
CCC(C)NC(=O)CCN1C(=O)C2=CC=CC=C2N3C1=NNC3=S,0
CC1=NN(C2=CC(=NC=C12)N[C@@H](C)C3=CC=CC=C3)C4=CC=C(C=C4)F,0
CC(C1=CC=CC=C1C(F)(F)F)OC2=C(C=CC(=C2)C3=C(N=CC(=C3)C4=CC=CC(=C4)CN(C)C)N)C(=O)N,0
CC[C@@H]1C(=O)N(C2=CN=C(N=C2N1C3=CN(N=C3)C)N4C=CN=C4C5=CC=C(C=C5)F)C,0
CC(C)(C)OC(=O)CC[C@@H](C(=O)NCCCN1C(=O)C2=C(C=CC(=C2)F)N3C1=NNC3=S)NC(=O)OC(C)(C)C,0
C1=C2C3=C(C(=C1O)O)OC(=O)C4=CC(=C(C(=C43)OC2=O)O)O,0
C1=CC=C(C=C1)CCCCCCCCN2C(=CN=N2)C[C@@H](C(=O)NCC3=CN=NN3CCP(=O)(O)O)NC(=O)CCNC(=O)C4=CC=C(C=C4)CO,0
C1=CC=C(C=C1)CCN2C(=CN=N2)C[C@@H](C(=O)NCC3=CN(N=N3)CCP(=O)(O)O)NC(=O)CCNC(=O)C4=CC=C(C=C4)CO,0
CC1=C(SC2=C1C(=O)NC=N2)C(=O)OC(C)C,0
C1=CC=C2C(=C1)C(=CN2)C3=CC=NC=C3,0
C1=CSC(=C1)C2=CSC3=C2C(=O)NC=N3,0
CCC1C(=O)N(C2=CN=C(N=C2N1C3=CC=NN3)N4C=CN=C4C5=CC=C(C=C5)F)C,0
CC1=C(OC2=NC=NC(=C12)N)C,0
CC(C)(C1=NC(=CC=C1)N2C3=NC(=NC=C3C(=O)N2[C@@H]4CCCC=C4)NC5=CC=C(C=C5)N6CCN(CC6)C)O,0
CN1CCN(CC1)CC(CN2C=C(C3=CC=CC=C32)C(=O)O)O,0
C1=CC(=CN=C1)NC(=O)C2=C3N=CC=CN3N=C2,0
CN1C2=CN=C(N=C2N(C(C1=O)CC(F)(F)F)CCC(F)(F)F)N3C=CN=C3C4=CC=C(C=C4)F,0
CN1CCN(CC1)C2=CC=C(C=C2)C(=O)NC3=NNC4=C3CN(C4)C(=O)[C@@H](C5=CC=CC=C5)OC,0
CC1=CSC(=C1NC2=NC(=NC=C2[N+](=O)[O-])NC3=C(C=C(C=C3)N4CCC(CC4)N5CCCC5)OC)C(=O)OC,0
C1=CC=C2C(=C1)C(=O)N(C3=NNC(=S)N23)CC4=CC=C(C=C4)F,0
CC[C@@H]1C(=O)N(C2=CN=C(N=C2N1CCC(F)(F)F)N3C=CN=C3C4=CC=C(C=C4)F)C,0
CC[C@@H]1C2=NN=C(N2C3=CN=C(N=C3N1CC4=CC=CC=N4)NC5=C(C=C(C=C5)C(=O)NC6CCN(CC6)C)OC)C,0
COC1=C(C(=CC(=C1)/C=C\2/C3=C(C=CC(=C3)Br)NC2=O)Cl)O,0
C1=CC=C(C=C1)C2=CC(=O)C3=C(C(=C(C=C3O2)O[C@H]4[C@@H]([C@H]([C@@H]([C@H](O4)C(=O)O)O)O)O)O)O,0
C/C=C/N1C(=O)C2=CN=C(N=C2N1C3=CC=CC(=N3)C(C)(C)O)NC4=CC=C(C=C4)CN5CCOCC5,0
CC(C)(C1=NC(=CC=C1)N2C3=NC(=NC=C3C(=O)N2C4CCCC4)NC5=CC=C(C=C5)C6CCN(CC6)C)O,0
CN[C@@H]1CC2N3C4=CC=CC=C4C5=C6C(=C7C8=CC=CC=C8N(C7=C53)C([C@@H]1OC)O2)CNC6=O,0
CC[C@@H]1C2=NN=CN2C3=CN=C(N=C3N1CC4=CC=C(C=C4)F)NC5=C(C=C(C=C5)C(=O)NC6CCN(CC6)C)OC,0
CN1C2=CC=CC=C2N=C1C3=NC(=NC=C3)NC4=CC(=CC=C4)O,0
CCOC1=CC=C(C=C1)N2NC3=C(NN=C3N2)N,0
CN1C2=C(CCC3=CN=C(N=C32)NC4=CC=CC=C4S(=O)(=O)N)C(=N1)C(=O)N,0
CCC1C(=O)N(C2=CN=C(N=C2N1C3=CC=C(C=C3)C#N)N4C=CN=C4C5=CC=C(C=C5)F)C,0
C1COCCN1CC(=O)NCCCN2C(=O)C3=C(C=CC(=C3)F)N4C2=NNC4=S,0
C1=CC=C(C(=C1)N)NC(=O)C2=CC=C(O2)C3=CC4=C(C=C3)N=CN=C4NC5=CC(=C(C=C5)OCC6=CC(=CC=C6)F)Cl,0
CC(C1=CC=CC=C1C(F)(F)F)OC2=C(C=CC(=C2)C3=NC(=CN=C3N)C4=CC=C(C=C4)CN(C)C)C(=O)N,0
CC(C)NC(=O)CCN1C(=O)C2=CC=CC=C2N3C1=NNC3=S,0
CC1=CC(=C(C=C1C2CCN(CC2)C)OC(C)C)NC3=NC4=NNC(=C4C(=N3)NC5=CC=CC=C5S(=O)(=O)C(C)C)C,0
C1=CC=C(C=C1)N2C3=NC=NC(=C3C=N2)NN,0
C1CNCCC1CC(=O)NCCCN2C(=O)C3=C(C=CC(=C3)F)N4C2=NNC4=S,0
C1CC(CCC1C(=O)NCCCN2C(=O)C3=C(C=CC(=C3)F)N4C2=NNC4=S)N,0
CCCCCCCCC1=CC=C(C=C1)C(=O)NC2=C(C=CC(=C2)C)C(=O)O,0
CC1=CC=CC=C1C2=NN(C3=NC(=O)N(C(=O)C3=N2)C)C,0
C=CCNC1=NC(=C(S1)C(=O)C2=CC3=C(C=C2)OCO3)N,0
CN1CCN(CC1)CC2=C(C=C(C=C2)NC3=NC=C(C(=N3)NC4=C(SC=C4)C(=O)OC)[N+](=O)[O-])C(F)(F)F,0
CC(C)(C1=NC(=CC=C1)N2C3=NC(=NC=C3C(=O)N2[C@@H]4CCC=C4)NC5=CC=C(C=C5)N6CCN(CC6)C)O,0
CNC(=O)C1=NN(C2=C1CCC3=CN=C(N=C32)NC4=CC=CC=C4)C,0
CCC1C(=O)N(C2=CN=C(N=C2N1C3=NN(C=C3)C)N4C=CC5=C4C=CC(=C5)C(=O)NCC)C,0
CCC1=NC2=NNC(=C2C3=C1CSC(C3)(C)C)N,0
C1=CC2=C(C=C1F)C(=O)N(C3=NNC(=S)N23)CCN,0
CC(C)(C1=NC(=CC=C1)N2C3=NC(=NC=C3C(=O)N2C4=CC=CC=C4OC)NC5=CC=C(C=C5)N6CCN(CC6)C)O,0
C1=CC=C(C=C1)CCN2C(=O)C3=CC=CC=C3N4C2=NNC4=S,0
CC1=CSC(=C1NC2=NC(=NC=C2[N+](=O)[O-])NC3=C(C=C(C=C3)N4CCC(CC4)N(C)C)OC)C(=O)OC,0
CC[C@@H]1C2=NN=CN2C3=CN=C(N=C3N1CC4=C(C(=C(C=C4)OC)OC)OC)NC5=C(C=C(C=C5)C(=O)NC6CCN(CC6)C)OC,0
C[C@@H]([C@@H](C(=O)N)NC(=O)C1=CC2=C(C=C1)N(C(=N2)CCCCC3=CC=CC=C3)CCC4=CC=CC=C4)OP(=O)(O)O,0
CC1=NN(C2=CC(=NC=C12)N[C@@H](C)C3=CC=CC=C3)C4=CC=CC=C4F,0
CC1=CC=C(C=C1)N2C3=CC(=NC=C3C(=N2)C)N[C@@H](C)C4=CC=CC=C4,0
C1=CC2=C(C=C1I)/C(=C/C3=CC(=C(C(=C3)Br)O)Br)/C(=O)N2,0
CC(C)(C1=NC(=CC=C1)N2C3=NC(=NC=C3C(=O)N2C4CCC=C4)NC5=CC=C(C=C5)N6CCN(CC6)C)O,0
C1=CC=C(C(=C1)C(F)(F)F)NC2=NC=NC(=N2)N,0
CN1CCN(CC1)CC(=O)NCCCN2C(=O)C3=C(C=CC(=C3)F)N4C2=NNC4=S,0
CC1=CC=CC=C1C(=O)O/N=C\2/C=C(C(=O)C=C2C)C(C)C,0
CC(C)(C1=NC(=CC=C1)N2C3=NC(=NC=C3C(=O)N2C4=CC=CC=N4)NC5=CC=C(C=C5)N6CCN(CC6)C)O,0
C1CCN(C1)CC(CN2C=C(C3=CC=CC=C32)C(=O)O)O,0
CC[C@@H]1C2=NN=CN2C3=CN=C(N=C3N1CC4=CC=C(C=C4)C(C)(C)C)NC5=C(C=C(C=C5)C(=O)NC6CCN(CC6)C)OC,0
CC[C@@H]1C2=NN=CN2C3=CN=C(N=C3N1CC4=COC=C4)NC5=C(C=C(C=C5)C(=O)NC6CCN(CC6)C)OC,0
CN1C(=O)C2=C(NC1=O)N=NC(=N2)C3=CC4=C(C=C3)OCO4,0
C[C@@H](C1=CC=CC=C1)NC2=NC=C3C(=C2)C(=NO3)C4=CC(=C(C=C4)OC)OC,0
CCC1C(=O)N(C2=CN=C(N=C2N1C3=NN(C=C3)C)N4C=CC5=C4C=CC(=C5)C(=O)N)C,0
CC1=C(SC(=N1)C)C2=NC(=NC=C2)NC3=CC=C(C=C3)O,0
C1=CC2=C(C=C1F)C(=O)N(C3=NNC(=S)N23)CCCNC(=O)CCOCCOCCOCCN,0
C1=CC2=C(C=C1F)C(=O)N(C3=NNC(=S)N23)CCCNC(=O)CCC(=O)O,0
C1=CC2=C(C(=C1)F)N3C(=S)NN=C3N(C2=O)CCCN,0
COC1=C(SC(=C1)N2C=NC3=CC=CC=C32)C(=O)N,0
C1=CC=NC(=C1)CC(=O)NCCCN2C(=O)C3=C(C=CC(=C3)F)N4C2=NNC4=S,0
C1=CC2=C(C=C1F)C(=O)N(C3=NNC(=S)N23)CCCNC(=O)CCOCCOCCOCCOCCN,0
CC(C)(C1=NC(=CC=C1)N2C3=NC(=NC=C3C(=O)N2C4CCCC=C4)NC5=CC=C(C=C5)N6CCC(CC6)N(C)C)O,0
CC1(CCNC2=C1C=CC(=C2)NC3=NC=C4C(=N3)N(N(C4=O)C5=CC=CC=C5F)C6=CC=CC(=N6)C(C)(C)O)C,0
C1=CC=C(C(=C1)N)NC(=O)/C=C/C2=CC(=CC=C2)C3=CC4=C(C=C3)N=CN=C4NC5=CC(=C(C=C5)OCC6=CC(=CC=C6)F)Cl,0
C1=CC=C(C(=C1)N)NC(=O)C2=CC=C(S2)C3=CC4=C(C=C3)N=CN=C4NC5=CC(=C(C=C5)OCC6=CC(=CC=C6)F)Cl,0
CC[C@@H]1C(=O)N(C2=CN=C(N=C2N1C3CCCC3)N4C=CC5=C4C=CC(=C5)F)C,0
C1=CC=C(C=C1)C2=CC3=C(S2)C(=O)NC=N3,0
CC1=C2C=NC(=NN2C(=N1)C3=CC=CC=C3OC)NC4=CC(=C(C(=C4)OC)OC)OC,0
CN1CCCC1CCN2C(=O)C3=C(C=CC(=C3)F)N4C2=NNC4=S,0
CC(C)(C)OC(=O)N1CC(C1)CCN2C(=O)C3=C(C=CC(=C3)F)N4C2=NNC4=S,0
CCN1C2=NC(=O)N(C(=O)C2=NC(=N1)C3=CC=CC=C3C)C,0
CC1CCCCC1C2=NOC3=CN=C(C=C32)N[C@@H](C)C4=CC=CC=C4,0
COC1=C(C=C(C=C1)NC2=NC=C3CC(=O)NC4=CC=CC=C4C3=N2)O,0
C1CCN(CC1)CC(CN2C=C(C3=CC=CC=C32)CCC(=O)O)O,0
C1=CC(=CC=C1CCN2C(=O)C3=C(C=CC(=C3)F)N4C2=NNC4=S)Cl,0
CCOC(=O)C1=C(SC=C1C2=CC=NC=C2)N,0
C1=CC(=C(C=C1C2=C(C(=O)C3=C(C=C(C=C3O2)O)O)O)O)O,0
CC1=NC2=NC=NN2C(=C1)C(C#N)C3=CC(=CC=C3)Cl,0
C[C@H](/C=C\C(F)(F)F)OC1=C(C=CC(=C1)C2=C(N=CC(=C2)C3=CC(=CS3)CN(C)C)N)C(=O)N,0
CC(C)(C1=NC(=CC=C1)N2C3=NC(=NC=C3C(=O)N2[C@H]4CCCC=C4)NC5=CC=C(C=C5)N6CCN(CC6)C)O,0
CC(C)(C1=NC(=CC=C1)N2C3=NC(=NC=C3C(=O)N2[C@H]4CCCC=C4)NC5=CC=C(C=C5)N6CCN(CC6)C)O,0
CCCCCCCCC1=CC=C(C=C1)C(=O)NC2=C(C=C(C=C2)OC)C(=O)O,0
CC1=C(ON=C1C)NS(=O)(=O)C2=CC=C(C=C2)NC3=NC=CC(=N3)C4=C(C=CC(=C4F)F)OC,0
CC1=NN(C2=CC(=NC=C12)N[C@@H](C)C3=CC=CC=C3)C4=CC(=CC=C4)OC,0
CN1C2=CC=CC=C2N=C1C3=NC(=NC=C3)NC4=CC(=C(C=C4)O)Cl,0
CCCCCCCCCCCCC1=CC=C(C=C1)C(=O)NC2=CC=CC=C2C(=O)O,0
CCCCCCCCC1=CC=C(C=C1)C(=O)NC2=C(C(=CC=C2)[N+](=O)[O-])C(=O)O,0
CC(CN(C)C)N1C(=O)C2=C(C=CC(=C2)F)N3C1=NNC3=S,0
C1=CC=C(C=C1)CCN2C(=O)C3=C(C=CC=N3)N4C2=NNC4=S,0
C1=CC=C(C(=C1)N)NC(=O)/C=C/C2=CC=C(C=C2)C3=CC4=C(C=C3)N=CN=C4NC5=CC(=C(C=C5)OCC6=CC(=CC=C6)F)Cl,0
C1[C@H](OC2=C(C1=O)C(=C(C(=C2)O)O)O)C3=CC=CC=C3,0
CC1=C(C2=C(C(=C1O)O)OC(=C2)C3=C(C(=C(C(=C3C=O)O)O)O)C)C=O,0
CC[C@@H]1C2=NN=CN2C3=CN=C(N=C3N1CC4=CC=CO4)NC5=C(C=C(C=C5)C(=O)NC6CCN(CC6)C)OC,0
C1=CC=C(C=C1)CN2C(=O)C3=C(C=CC(=C3)F)N4C2=NNC4=S,0
C1=CC(=CC(=C1)[N+](=O)[O-])C2=NC(=NC=C2)NC3=CC=C(C=C3)[N+](=O)[O-],0
C1(=C(N=C(C(=N1)Cl)N)N)C(=O)N=C(N)N.Cl,0
C1=CC=C(C=C1)CCCN2C(=O)C3=C(C=CC(=C3)F)N4C2=NNC4=S,0
CN1CCN(CC1)CCN2C(=O)C3=C(C=CC(=C3)F)N4C2=NNC4=S,0
C1=CC=C(C=C1)C2=CC3=C(S2)N=CNC3=O,0
C1=CC(=CC(=C1)F)COC2=C(C=C(C=C2)NC3=NC=NC4=C3C=C(C=C4)C5=CC=CC(=C5)/C=C/C(=O)NO)Cl,0
COC(=O)C1=C(ON=C1C2=CC=C(C=C2)Br)N,0
CC(=O)NC1=CC=CC(=C1)C2=NC(=NC=C2)NC3=CC=C(C=C3)O,0
CCC1(C(=O)N(C2=CN=C(N=C2N1CCC(F)(F)F)N3C=CN=C3C4=CC=C(C=C4)F)C)C,0
CCOC1=CC=C(C=C1)NC2=NC=C3CC(=O)NC4=C(C3=N2)C=CC(=C4)OC,0
C[C@@H](C1=CC=CC=C1)NC2=NC=C3C(=C2)C(=NO3)C4CCCN(C4)CCC(=O)N,0
CC[C@@H]1C2=NN=CN2C3=CN=C(N=C3N1CC4=CC(=CC=C4)C(F)(F)F)NC5=C(C=C(C=C5)C(=O)NC6CCN(CC6)C)OC,0
CC[C@@H]1C(=O)N(C2=CN=C(N=C2N1[C@H]3CCOC3)N4C=CN=C4C5=CC=C(C=C5)F)C,0
C1=CC=C(C=C1)CCN2C(=O)C3=C(N=CC=C3)N4C2=NNC4=S,0
CC1=CC=CC=C1N2C3=CC(=NC=C3C(=N2)C)N[C@@H](C)C4=CC=CC=C4,0
CC(C)(C1=NC(=CC=C1)N2C3=NC(=NC=C3C(=O)N2C4=CC=CC=C4OC)NC5=CC=C(C=C5)C6CCN(CC6)C)O,0
CC[C@@H]1C(=O)N(C2=CN=C(N=C2N1C3=CN=CN=C3)N4C=CN=C4C5=CC=CC=C5)C,0
C1=CC(=CC(=C1)N)C2=NC(=NC=C2)NC3=CC=C(C=C3)O,0
CN1C2=NC(=NC=C2C=C(C1=O)SC3=CC=C(C=C3)F)NC4=CC5=C(C=C4)NC=C5,0
CCCCCCCCC1=CC=C(C=C1)C(=O)NC2=C(C(=CC=C2)O)C(=O)O,0
CC1=C2C(=C(SC2=NN1)C(=O)N)NC(=O)C(=O)OC,0
C1=C(C=C(C2=C1[N+](=C(S2)C(=O)N)[O-])[N+](=O)[O-])C#N,0
CC(C)(C)OC(=O)CC[C@H](C(=O)NCCCN1C(=O)C2=C(C=CC(=C2)F)N3C1=NNC3=S)NC(=O)OC(C)(C)C,0
C1=CC=C(C=C1)CCN2C(=O)C3=C(C=C(C=C3)F)N4C2=NNC4=S,0
CC1=NC2=C(S1)N(C3=NC(=NC=C3N(C2=O)C)NC4=C(C=C(C=C4)N5CCC(CC5)N6CCN(CC6)C)OC)C,0
COC1=C(C=C(C=C1)CN2C(=C(C3=NC4=CC=CC=C4N=C32)C(=O)NCC5=CC=CO5)N)OC,0
CC(/C=C\C(F)(F)F)OC1=C(C=CC(=C1)C2=C(N=CC(=C2)C3=CC(=CS3)CN(C)C)N)C(=O)N,0
CC1CC2=C(S1)C(=O)N(C(=N2)SCC(=O)NC3=NC=CS3)C,0
CCC1=C(SC=C1)C2=CN=C(C(=N2)N3CCC(CC3)C(=O)O)N,0
C1=CC=C(C(=C1)N)NC(=O)/C=C/C2=CC=C(O2)C3=CC4=C(C=C3)N=CN=C4NC5=CC(=C(C=C5)OCC6=CC(=CC=C6)F)Cl,0
CCCCC1=CC=C(C=C1)C(=O)NC,0
CC[C@@H]1C(=O)N(C2=CN=C(N=C2N1C3=CNN=C3)N4C=CN=C4C5=CC=C(C=C5)F)C,0
C1=CC(=CC(=C1)Cl)C2=NC(=NC=C2)NC3=CC=C(C=C3)Cl,0
CC1=C(C(=CC2=C1C(=O)C3=C(C=C(C=C3O2)O)O)O)O,0
C1=CC=C(C=C1)C2=CC(=O)C3=C(O2)C=C(C(=C3O)O)O,0
CC(C)(C1=NC(=CC=C1)N2C3=NC(=NC=C3C(=O)N2C4CCCCC4)NC5=CC=C(C=C5)N6CCN(CC6)C)O,0
C1=CC(=CC(=C1)F)COC2=C(C=C(C=C2)NC3=NC=NC4=C3C=C(C=C4)C5=CC=C(C=C5)/C=C/C(=O)NO)Cl,0
C1C2=CN=C(N=C2C3=CC=CC=C3NC1=O)NC4=CC(=C(C=C4)O)Cl,0
CC[C@@H]1C(=O)N(C2=CN=C(N=C2N1C3CC(C3)(F)F)N4C=CN=C4C5=CC=C(C=C5)F)C,0
CC(C)(C)OC(=O)CC[C@@H](C(=O)NCCOCCOCCOCCOCCC(=O)NCCCN1C(=O)C2=C(C=CC(=C2)F)N3C1=NNC3=S)N,0
C1OC2=C(O1)C=C(C=C2)C3=CSC(=C3C#N)N,0
CCCCCCCCC1=CC=C(C=C1)CNC2=CC=CC=C2C(=O)O,0
C1=CC=C2C(=C1)C=C3N2C4=C(C(=O)N(C4=O)CCCSC(=N)N)N5C=CC6=C5C3=CC=C6,0
C1=CC=C2C(=C1)C(=CN2)C[C@@H](COC3=CN=CC(=C3)C4=CC5=C(S4)C=NC=C5)N,0
CC1=C(SC(=N1)NC)C2=NC(=NC=C2)NC3=CC=C(C=C3)O,0
C1=C(C=C(C2=C1[N+](=C(S2)C(=O)N)[O-])[N+](=O)[O-])C#N,0
COC1=C(C=C2C(=C1)N=CN2C3=CC(=C(S3)C#N)OCC4CCCO4)OC,0
COC1=CC2=C(C=C1)NC(=C2/C=C/3\C=CC4=CN=NC4=C3)O,0
CC1(C2=CN=C(N=C2N(C1=O)[C@H]3CCC4=C3C=CC=C4O)NC5=CC=CC=C5)C,0
CC1=CC(=NN1)NC2=CC(=NC(=N2)SC3=CC=C(C=C3)NC(=O)C4CC4)N5CCN(CC5)C,0
C1=CC(=CC=C1/C=C(\C#N)/C(=O)N)C2=CNN=C2,0
CN(C)C(=O)/C(=C/C1CCC2C(C1)C(NN2)C3=CC(=C(C(=C3)OC)OC)OC)/C#N,0
C1=NC(=C2C(=N1)N(C(=N2)/C=C(\C#N)/C(=O)N)CCCO)N,0
CN1CCC2=C(C1)C=C(C=C2)NC3=NC=C4C(=N3)N(N(C4=O)CC=C)C5=CC=CC(=N5)C(F)(F)F,0
CCCC1=CC=C(C=C1)C(=O)NC,0
CC(C)CCN1C(=O)C2=C(C=C(C=C2)C(=O)NC3CCCC3)N4C1=NNC4=S,0
CC1=CC2=C(C=C1)N3C(=S)NN=C3N(C2=O)CCC4=CC=CC=C4,0
C1=C(C2=C(N=CN=C2N1C3C(C(C(O3)CO)O)O)N)C(=O)N.O,0
C1=CC2=C(C=C1F)C(=O)N(C3=NNC(=S)N23)CCCNC(=O)[C@H](CCC(=O)O)N,0
C1=CC=C(C=C1)CCN2C(=O)C3=C(C=CC(=C3)F)N4C2=NNC4=S,0
C1=CC2=C(C=C1F)C(=O)N(C3=NNC(=S)N23)CCCNC(=O)CCOCCOCCOCCOCCNC(=O)[C@H](CCC(=O)O)N,0
CC(=O)N(C1=CC=CC=C1OC)/N=C\2/C(=O)C3=CC=CC=C3S2,0
CC(=O)N(C1=CC=C(C=C1)C(=O)OC)/N=C\2/C(=O)C3=CC=CC=C3S2,0
CCOP(=O)(CCN1C(=O)C2=C(C=CC(=C2)F)N3C1=NNC3=S)OCC,0
CC1=CC(=CC=C1)N(C(=O)C)/N=C\2/C(=O)C3=CC=CC=C3S2,0
C1=CC=C(C(=C1)CCN2C(=O)C3=C(C=CC(=C3)F)N4C2=NNC4=S)Cl,0
CC1=NN(C2=CC(=NC=C12)N[C@@H](C)C3=CC=CC=C3)C4=CC=CC=C4OC,0
C1=CC=C(C=C1)CCN2C(=O)C3=C(C=CC(=C3)Br)N4C2=NNC4=S,0
CC(=O)N(C1=CC=C(C=C1)OC)/N=C\2/C(=O)C3=CC=CC=C3S2,0
C1C=C[C@@H]2[C@H]1[C@@H](NC3=C2C=C(C=C3)C(=O)O)C4=CC=CC=N4,0
CCC1=CC=C(C=C1)C(=O)NC,0
CCCNC1=CC=C(C=C1)C(=O)NC,0
C1CC2=C(C(=O)NC1)OC3=C2C=C(C=C3)O,0
CC1=CC(=CC=C1)N=NC2=C(NN=C2N)C3=CC=C(C=C3)Cl,0
CNC(=O)C1=CC=C(C=C1)SC,0
CC(=O)N(C1=CC=CC=C1[N+](=O)[O-])/N=C\2/C(=O)C3=CC=CC=C3S2,0
C[C@@H](C1=CC=CC=C1)NC2=NC=C3C(=C2)C(=NO3)CC4=CC=CC=C4,0
C1CC2=C(C(=O)NC1)OC3=C2C=C(C=C3)O,0
CC(=O)N(C1=CC=CC=C1)/N=C\2/C(=O)C3=CC=CC=C3S2,0
CC(=O)N(C1=CC(=CC=C1)Br)/N=C\2/C(=O)C3=CC=CC=C3S2,0
C1=CC(=CC(=C1)Cl)CN2C(=CC=C(C2=O)C(=O)N)C(F)(F)F,0
C1=CC2=C(C=C1F)C(=O)N(C3=NNC(=S)N23)CCP(=O)(O)O,0
C1CC2=C(C(=O)OC3=C2C=C(C=C3)O)NC1,0
CC1=C(SC(=N1)N)C2=NC(=NC=C2)NC3=CC=C(C=C3)O,0
C1CCNC(C1)C(=O)NCCCN2C(=O)C3=C(C=CC(=C3)F)N4C2=NNC4=S,0
C1=CC=C(C=C1)CCN2C(=O)C3=C(C=NC=C3)N4C2=NNC4=S,0
CCOC1=C(C=CC(=C1)C2=NC3=C(NC(=O)N(C3=O)C)N=N2)OC(C)C,0
CCCOC1=CC=C(C=C1)C(=O)NC,0
C1=CC(=CC=C1/C=C(\C#N)/C(=O)N)C2=C3C(=NC=N2)N=CN3,0
C1CC(CNC1)C(=O)NCCCN2C(=O)C3=C(C=CC(=C3)F)N4C2=NNC4=S,0
C1=CC=C(C=C1)CCN2C(=O)C3=C(C=CC(=C3)I)N4C2=NNC4=S,0
CNC1=CC=C(C=C1)C(=O)NC,0
C[C@H]([C@@H](C(=O)N)NC(=O)[C@H](CO)NC(=O)[C@H](CC1=CN=CN1)NC(=O)[C@H](CC(C)C)NC(=O)C2CCCN2C(=O)C)OP(=O)(O)O,0
CC1=CC=CC=C1N(C(=O)C)/N=C\2/C(=O)C3=CC=CC=C3S2,0
C1CNCCC1C(=O)NCCCN2C(=O)C3=C(C=CC(=C3)F)N4C2=NNC4=S,0
CC1=CC(=C(N1C2=CC(=C(C=C2)I)C)C)C=C3C(=O)NC(=O)NC3=O,0
CC(=O)N(C1=CC=C(C=C1)Br)/N=C\2/C(=O)C3=CC=CC=C3S2,0
CCOC(=O)C1=CC=C(C=C1)NC(=O)C2=C(N(C(=O)NC2=O)CC3=CC=CC=C3)N,0
C1=CC=C(C=C1)NC(=O)C2=C(C=C(C=C2)F)F,0
CCOC(=O)C1=CC(=CC=C1)NC(=O)C2=C(NC(=O)NC2=O)O,0
CCOC1=CC=C(C=C1)NC(=O)C2=C(N(C(=O)NC2=O)C)N,0
CCOC1=CC=C(C=C1)NC(=O)C2=C(NC(=O)NC2=O)O,0
CCOC(=O)C1=CC=CC=C1NC(=O)C2=C(N(C(=O)NC2=O)C)N,0
CCCCOC(=O)C1=CC=C(C=C1)NC(=O)C2=C(N(C(=O)NC2=O)C)N,0
CCOC(=O)C1=CC(=CC=C1)NC(=O)C2=C(N(C(=O)NC2=O)C)N,0
C1=CC=C(C=C1)NC(=O)C2=C(NC(=S)NC2=O)O,0
C/C(=N\NC(=O)C1=CC=NC=C1)/C2=C(NC(=O)NC2=O)O,0
CCOC(=O)C1=CC=C(C=C1)NC(=O)C2=C(N(C(=O)N(C2=O)C)C)N,0
CCOC(=O)C1=CC=C(C=C1)NC(=O)C2=C(NC(=O)NC2=O)O,0
CCOC(=O)CCCCCNC(=O)C1=C(NC(=O)NC1=O)O,0
CCOC(=O)C1=CC=CC=C1NC(=O)C2=C(NC(=O)NC2=O)O,0
CC1=CC=C(C=C1)NC(=O)C2=C(C=C(C=C2)F)F,0
CCOC(=O)C1=CC(=CC=C1)NC(=O)C2=C(C=C(C=C2)F)F,0
CCCCOC(=O)C1=CC=C(C=C1)NC(=O)C2=C(C=C(C=C2)F)F,0
C1=CC=C(C=C1)NC(=O)C2=C(NC(=O)NC2=O)O,0
CCCCOC(=O)C1=CC=C(C=C1)NC(=O)C2=C(NC(=O)NC2=O)O,0
CCOC1=CC=C(C=C1)NC(=O)C2=C(C=C(C=C2)F)F,0
CCOC(=O)C1=CC(=CC=C1)NC(=O)C2=C(NC(=O)NC2=O)NCC3=CC=CC=C3,0
CCOC(=O)C1=CC=C(C=C1)NC(=O)C2=C(NC(=O)NC2=O)NCC3=CC=CC=C3,0
CCOC(=O)CCCCCNC(=O)C1=C(C=C(C=C1)F)F,0
CCOC(=O)C1=CC=C(C=C1)NS(=O)(=O)C2=C(N(C(=O)N(C2=O)C)C)N,0
CCOC(=O)C1=CC=CC=C1NC(=O)C2=C(NC(=S)NC2=O)O,0
C1=CC=C(C=C1)NS(=O)(=O)C2=C(NC(=O)NC2=O)N,0
CN1C(=C(C(=O)N(C1=O)C)S(=O)(=O)NCC2=CC=CC=C2)N,0
COC1=CC=CC=C1NS(=O)(=O)C2=C(NC(=O)NC2=O)N,0
CCOC(=O)C1=CC=C(C=C1)NC(=O)C2=C(N(C(=O)NC2=O)C)N,0
CCOC(=O)C1=CC=CC=C1NC(=O)C2=C(C=C(C=C2)F)F,0
CC1=CC(=CC=C1)N/N=C/C2=C(NC(=S)NC2=O)O,0
CN1C(=C(C(=O)NC1=O)C(=O)NC2=CC=CC=C2)N,0
CCOC(=O)C1=CC=C(C=C1)NC(=O)C2=C(C=C(C=C2)F)F,0
CN1C(=O)C2=C(NC1=O)N=NC(=N2)C3=CC=C(C=C3)OC,0
CCN(CC)CCOC(=O)C1=CC=C(C=C1)N=CC2=C(NC(=O)NC2=O)O,0
CC1=CC(=CC=C1)N(/C=C\2/C(=O)C3=CC=CC=C3S2)C(=O)C,0
CC1=CC=CC=C1C2=NC3=C(NC(=O)N(C3=O)C)N=N2,0
CC1=CC=C(C=C1)N(CN2C(=O)C3=C(C2=O)C=C(C=C3)[N+](=O)[O-])C(=O)C(C4=CC=CC=C4)C5=CC=CC=C5,0
CC1=CC=C(O1)C2=NC3=CC=CC=C3C(=C2)C(=O)NC4=CC=C(C=C4)C(=O)OC,0
CC1=C(C=C(C=C1)Br)N(CN2C(=O)C3=CC=CC=C3C2=O)C(=O)C,0
CC1=C(C=C(C=C1)N(CN2C(=O)C3=CC=CC=C3C2=O)C(=O)C)Cl,0
CN1C2=C(C(=O)NC1=O)N=C(C(=N2)C3=CC=CC=C3)C4=CC=CC=C4,0
CCCCCCC(=O)N(CN1C(=O)C2=CC=CC=C2C1=O)C3=CC=CC=C3OC,0
CN1C(=O)C2=C(NC1=O)N=NC(=N2)C3=CC=C(C=C3)Cl,0
CCOC(=O)C1=CC=C(C=C1)N=CC2=C(N(C(=O)NC2=O)CC3=CC=CS3)O,0
CN1C(=O)C2=C(NC1=O)N=NC(=N2)C3=CC=C(C=C3)C(F)(F)F,0
CC1CN(CC(O1)C)C2=CC3=NC=CN=C3C=C2F,0
CCOC(=O)C1=CC=C(C=C1)NC(=O)C2CC(=O)NC(=NC)S2,0
CC(=O)N(/C=C\1/C(=O)C2=CC=CC=C2S1)C3=CC=C(C=C3)OC,0
CCOC(=O)C1=CC=C(C=C1)N=CC2=C(N(C(=O)NC2=O)C3=CC(=CC=C3)OC)O,0
CC(=O)N(/C=C\1/C(=O)C2=CC=CC=C2S1)C3=CC=CC=C3OC(=O)C,0
CC(=O)N(CN1C(=O)C2=C(C1=O)C=C(C=C2)Br)C3=CC=C(C=C3)Cl,0
CC(=O)N(CN1C(=O)C2=CC=CC=C2C1=O)C3=CC=C(C=C3)F,0
CC(=O)N(CN1C(=O)C2=CC=CC=C2C1=O)C3=CC4=CC=CC=C4C=C3,0
C1=CN(C(=C1)C=C2C(=O)NC(=O)NC2=O)C3=CC=C(C=C3)[N+](=O)[O-],0
CN1C(=O)C2=C(NC1=O)N=NC(=N2)C3=CC=C(C=C3)F,0
CCOC(=O)N1CCN(CC1)C2=CC3=NC=CN=C3C=C2F,0
CC(=O)N(CN1C(=O)C2=CC=CC=C2C1=O)C3=CC=C(C=C3)OC,0
COC1=CC(=CC(=C1O)C=C2C(=O)NC(=O)NC2=O)Br,0
CC1=CC(=C(C=C1)C)N(C(=O)C)/N=C\2/C(=O)C3=CC=CC=C3S2,0
CCOC(=O)C1=CC=C(C=C1)NC(=O)C2=CC3=CC=CC=C3C(=O)O2,0
C1COCCN1C2=C(C=C3C(=O)C=CNC3=C2)F,0
CC(=O)N(CN1C(=O)C2=CC=CC=C2C1=O)C3=CC=CC=C3Cl,0
C1=CC=C(C=C1)C(=O)COC(=O)C2=CC=C(C=C2)NC(=O)C3=CC=C(C=C3)[N+](=O)[O-],0
CCOC(=O)C1=CC=C(C=C1)NC(=O)C2C(OC3=CC=CC=C3O2)C,0
CC1=CC=CC=C1N(CN2C(=O)C3=CC=CC=C3C2=O)C(=O)C,0
CC(=O)N(CN1C(=O)C2=CC=CC=C2C1=O)C3=CC=C(C=C3)I,0
CCN(CC)CCOC(=O)C1=CC=C(C=C1)N=CC2=C(N(C(=O)NC2=O)C3=C(C=C(C=C3C)C)C)O,0
CC(=O)N(CN1C(=O)C2=C(C1=O)C(=CC=C2)[N+](=O)[O-])C3=CC4=C(C=C3)C5=CC=CC=C5O4,0
CCN(CC)CCOC(=O)C1=CC=C(C=C1)N=CC2=C(N(C(=O)NC2=O)C)O,0
CCOC(=O)C1=CC=C(C=C1)NC(=O)C23CC4CC(C2)CC(C4)C3,0
CCN(CC)CCOC(=O)C1=CC=C(C=C1)NC(=O)C2=CC(=C(C=C2OC)OC)OC,0
CN1C2=C(C(=O)N(C1=O)C)N=C(C(=N2)C3=CC=CC=C3)C4=CC=CC=C4,0
CCOC1=CC=C(C=C1)N2C(=C(C(=O)NC2=O)C=NC3=CC=C(C=C3)C(=O)OCC)O,0
CCOC(=O)C1=CC=C(C=C1)NC(=O)C2C3=CC=CC=C3CCO2,0
C1=CC(=CC=C1C2=CN=C3C(=N2)C(=O)NC(=O)N3)Cl,0
CCOC(=O)C1=CC=C(C=C1)NC(=O)C2=CC(=CC(=C2)C)C,0
C1=CC=C(C=C1)C(=O)COC(=O)C2=CC=C(C=C2)NC(=O)C3=CC=C(C=C3)Cl,0
CCOC(=O)C1=CC=C(C=C1)N=CC2=C(NC(=O)NC2=O)O,0
CC1=CC=C(C=C1)N(/C=C\2/C(=O)C3=CC=CC=C3S2)C(=O)C,0
CC(=O)N(CN1C(=O)C2=CC=CC=C2C1=O)C3=CC=CC=C3OC,0
CC(=O)N(/C=C\1/C(=O)C2=CC=CC=C2S1)C3=CC=CC=C3OC,0
CCN1C2=CC=CC=C2N=C1N/C(=C/C(C(F)(F)F)(C(F)(F)F)O)/O,0
CC(=O)N(/C=C\1/C(=O)C2=CC=CC=C2S1)C3=CC=C(C=C3)I,0
CCN(CC)CCOC(=O)C1=CC=C(C=C1)N=CC2=C(N(C(=O)NC2=O)CC3=CC=CC=C3)O,0
CCN1C(=C(C(=O)NC1=O)C=NC2=CC=C(C=C2)C(=O)OCC)O,0
CN1C2=C(C(=O)N(C(=O)N2C)C)N=C(C1=O)C3=CC=CC=C3,0
CCOC(=O)C1=CC=C(C=C1)N=CC2=C(N(C(=O)N(C2=O)C3CCCCC3)C4CCCCC4)O,0
CCOC(=O)C1=CC=C(C=C1)NC(=O)C2=CC(=C(C=C2)Cl)Cl,0
CC1=CC=C(C=C1)C2=NC3=C(NC(=O)N(C3=O)C)N=N2,0
CN1C2=C(C(=O)N(C1=O)C)N=C(C(=O)N2)C3=CC=CC=C3,0
COC1=CC=C(C=C1)C(=O)COC(=O)C2=CC=C(C=C2)NC(=O)C3=CC=CC=C3,0
CCCOC(=O)C1=CC=C(C=C1)NC(=O)C2=CC(=C(C=C2)OC)[N+](=O)[O-],0
CC1=C(C=C(C=C1)N(/C=C\2/C(=O)C3=CC=CC=C3S2)C(=O)C)C,0
CN1C(=O)C2=C(NC1=O)N=NC(=N2)C3=CC=CC=C3,0
CCC(=O)OC1=CC=C(C=C1)C(=O)NC2=CNC(=O)NC2=O,0
CCCOC1=CC=C(C=C1)C(=O)NC2=CNC(=O)NC2=O,0
COC(=O)C1=CC=CC=C1NC(=O)C2=C(C3=C(CCCC3)NC2=O)O,0
CN1C=C(C(=O)N(C1=O)C)C(=O)CNC2=CC=CC=C2,0
CN1C(=C(C(=O)N(C1=O)C)S(=O)(=O)NC2=CC=CC=C2)N,0
C1=CC=C(C=C1)N/N=C/C2=C(NC(=S)NC2=O)O,0
CC1=CC=C(C=C1)N=CC2=C(N(C(=O)NC2=O)C3=CC=C(C=C3)C)O,0
C1CCC(CC1)NC2=C(C(=O)NC(=O)N2)[N+](=O)[O-],0
CN1C2=C(C(CC(=O)N2)C3=CC=C(C=C3)C(F)(F)F)C(=O)N(C1=O)C,0
CC1=CC=C(C=C1)NC(=O)C2=CNC(=O)NC2=O,0
CCOC(=O)C1=CC=C(C=C1)NS(=O)(=O)C2=C(NC(=O)NC2=O)N,0
CCOC(=O)CCCCCNC(=O)C1=C(N(C(=O)N(C1=O)C)C)N,0
CCCC(=O)C1=C(NC(=O)NC1=O)O,0
CCOC(=O)C1=CC=C(C=C1)NC(=O)C2=CC3=C(C=C2)N=C(S3)N,0
CCOC(=O)C1=CC=C(C=C1)NC(=O)C2=CC(=CN=C2)Br,0
CCCCCCC(=O)N(CN1C(=O)C2=CC=CC=C2C1=O)C3=CC=C(C=C3)OCC4=CC=CC=C4,0
CCC1=CC=C(C=C1)C2=NN(C3=NC(=O)N(C(=O)C3=N2)C)CC,0
C1=CC(=CC=C1COC2=C(C=C(C=C2Cl)C=C3C(=O)NC(=O)NC3=O)Cl)C(=O)O,0
CC(=O)C1=CC=C(C=C1)N(CN2C(=O)C3=C(C2=O)C=C(C=C3)[N+](=O)[O-])C(=O)C,0
CCCCCOC(=O)C1=CC=C(C=C1)NC(=O)C2=CC=C(C=C2)[N+](=O)[O-],0
CN1C(=O)C2=C(NC1=O)N=NC(=N2)C3=CC=C(C=C3)[N+](=O)[O-],0
CC(=O)N(CN1C(=O)C2=CC=CC=C2C1=O)C3=CC(=C(C=C3)Cl)Cl,0
C1=CC=C2C(=C1)C=C3C=CC=CC3=C2C=C4C(=O)NC(=O)NC4=O,0
CCOC(=O)C1=CC=C(C=C1)NC(=O)C2C3CC(C2C(=O)O)C=C3,0
CCOC(=O)C1=CC=C(C=C1)NC(=O)C2=C(OC(=O)C=C2C)C,0
CC(=O)N(CN1C(=O)C2=C(C1=O)C=C(C=C2)[N+](=O)[O-])C3=CC=CC=C3OC,0
CC(=O)N(CN1C(=O)C2=CC(=C(C=C2C1=O)Cl)Cl)C3=CC=C(C=C3)OC,0
CCOC(=O)C1=CC=C(C=C1)NC(=O)C2=CC(=O)NC3=CC=CC=C32,0
CN1C(=O)C2=C(NC1=O)N=NC(=N2)C3=CC(=C(C=C3)OC)OC,0
CCOC(=O)C1=CC=C(C=C1)N=CC2=C(N(C(=O)NC2=O)CC3=CC4=C(C=C3)OCO4)O,0
CC(=O)N(/C=C\1/C(=O)C2=CC=CC=C2S1)C3=C(C=CC(=C3)C(F)(F)F)Cl,0
CCOC(=O)C1=CC=C(C=C1)N=C(C2=CC=CC=C2)C3=C(N(C(=O)N(C3=O)C)C)O,0
CCOC(=O)C1=CC=C(C=C1)NC(=O)C2CCC(CC2)C,0
CCOC(=O)C1=CC=C(C=C1)NC(=O)C2=CC3=C(C=C2)SN=N3,0
CC1=C(C=C(C=C1)N(CN2C(=O)C3=CC(=C(C=C3C2=O)Cl)Cl)C(=O)C)Cl,0
CCCOC(=O)C1=CC=C(C=C1)NC(=O)C2=C(C(=C(C(=C2F)F)F)F)F,0
CC(C(=O)C1=CC=CC=C1)OC(=O)C2=CC=C(C=C2)NC(=O)C3=CC=C(C=C3)Br,0
CCOC(=O)C1=CC=C(C=C1)N=CC2=C(N(C(=O)NC2=O)C3=CC=C(C=C3)C)O,0
CCOC(=O)C1=CC=C(C=C1)NC(=O)C2C3CC(C2(C)C(=O)O)C=C3,0
CCOC(=O)C1=CC=C(C=C1)N=CC2=C(N(C(=O)NC2=O)C3=CC=CC(=C3)C)O,0
CC(=O)N(CN1C(=O)C2=C(C1=O)C=C(C=C2)[N+](=O)[O-])C3=CC=C(C=C3)OC4=CC=CC=C4,0
CC1=NO[N+](=C1COC2=C(C=C(C=C2)C=C3C(=O)NC(=O)NC3=O)OC)[O-],0
CCOC(=O)C1=CC=C(C=C1)N=CC2=C(N(C(=O)NC2=O)CC3=CC=CC=C3Cl)O,0
CC(=O)N(CN1C(=O)C2=CC=CC=C2C1=O)C3=CC=C(C=C3)Br,0
CCOC(=O)C1=CC=C(C=C1)N=CC2=C(N(C(=O)NC2=O)CC3=CC=CC=C3)O,0
COC1=C(C(=CC(=C1)C=C2C(=O)NC(=O)NC2=O)Cl)O,0
CC1=CC(=CC=C1)N(CN2C(=O)C3=CC=CC=C3C2=O)C(=O)C,0
CC1=CC=C(C=C1)N(CN2C(=O)C3=CC=CC=C3C2=O)C(=O)C,0
CCCOC(=O)C1=CC=C(C=C1)NC(=O)C2=CC(=NC3=C2C=CC(=C3C)Cl)C4=CC=CS4,0
CC(=O)N(C1=CC=CC=C1I)/N=C\2/C(=O)C3=CC=CC=C3S2,0
CN1C(=O)C2=C(NC1=O)N=NC(=N2)C3=CC4=C(C=C3)OCO4,0
CN1C(=C(C(=O)N(C1=O)C)C(=O)C2=CC=CC=C2Cl)O,0
CCOC(=O)C1=CC=C(C=C1)NC(=O)C2CC(=O)N=C(S2)N,0
CCCOC(=O)C1=CC=C(C=C1)NC(=O)C2=CC(=C(C=C2)C)I,0
C1=CC=C(C=C1)OCCOC2=CC=CC=C2C=C3C(=O)NC(=O)NC3=O,0
COC1=C(C=CC(=C1)C=C2C(=O)NC(=O)NC2=O)OCC3=C(C=C(C=C3)Cl)Cl,0
CC(=O)N(CN1C(=O)C2=CC=CC=C2C1=O)C3=CC(=CC=C3)F,0
CCCCCC(=O)N(CN1C(=O)C2=CC=CC=C2C1=O)C3=CC=C(C=C3)OCC4=CC=CC=C4,0
CCOC(=O)C1=CC=C(C=C1)NC(=O)C2CC3=CC=CC=C3C(=O)O2,0
CCOC(=O)C1=CC=C(C=C1)NC(=O)C2C3CCC(C3)C2C(=O)O,0
CC(=O)OC1=C(C(=C(C2=CC=CC=C21)OC(=O)C)Cl)N3CCOCC3,0
COC1=CC=C(C=C1)N(CN2C(=O)C3=CC=CC=C3C2=O)C(=O)C(F)(F)F,0
CCC(=O)NC1=CC=C(C=C1)C(=O)NC2=CC=C(C=C2)C(=O)OCC,0
CCOC(=O)C1=CC=C(C=C1)N=CC2=C(N(C(=O)N(C2=O)C)C)O,0
CCOC(=O)C1=CC=C(C=C1)NC(=O)C2CCCCC2C(=O)O,0
CCCCCCC(=O)N(CN1C(=O)C2=CC=CC=C2C1=O)C3=CC=CC=C3,0
CCCCCC(=O)N(CN1C(=O)C2=CC=CC=C2C1=O)C3=CC=CC=C3OC,0
CCOC(=O)C1=CC=C(C=C1)NC(=O)C2=CC3=CC=CC=C3OC2=O,0
C1=CC=C(C=C1)C2=C(C3=C(NC2=O)N(C(=O)N(C3=O)C4=CC=CC=C4)C5=CC=CC=C5)O,0
CCOC(=O)C1=CC=C(C=C1)NC(=O)C2COC3=CC=CC=C3O2,0
CC(=O)N(/C=C/1\C(=O)C2=CC=CC=C2S1)C3=CC=CC=C3OC(=O)C,0
CC1=CC(=C(C=C1)C)N(CN2C(=O)C3=CC=CC=C3C2=O)C(=O)C,0
CCCCOC(=O)C1=CC=C(C=C1)N=CC2=C(NC(=O)NC2=O)O,0
CCOC(=O)C1=CC=C(C=C1)NC(=O)C2CCC(CC2)C(C)(C)C,0
CC1=CC(=C(C=C1)N(C(=O)C)/N=C\2/C(=O)C3=CC=CC=C3S2)C,0
CC(=O)N(CN1C(=O)C2=CC=CC=C2C1=O)C3=CC=C(C=C3)OC4=CC=CC=C4,0
CC1=CC=C(C=C1)C(=O)CN2C=CC(=C(NCC3=CC=CC=C3)O)C=C2,0
CCN1C2=NC(=O)N(C(=O)C2=NC(=N1)C3=CC(=CC=C3)Cl)C,0
CN1C2=C(C(=O)N(C1=O)C)N=C(N=N2)C3=CC=C(C=C3)N(C)C,0
CCCCCC(=O)N(CN1C(=O)C2=CC=CC=C2C1=O)C3=CC=CC(=C3)C(=O)O,0
CCCCOC(=O)C1=CC=C(C=C1)NC(=O)C2=CC(=C(C(=C2)OCC)OCC)OCC,0
COC1=CC=C(C=C1)/C=C/C(=O)C2=C(N(C(=O)NC2=O)CCC3=CCCCC3)O,0
CC1(CC(=C(C(=O)C1)C2(C(=O)NC(=O)NC2=O)O)O)C,0
C1=CN=CC=C1C(=O)N/N=C/C2=C(NC(=O)NC2=O)O,0
CC(C)C1=CC=C(C=C1)NC(=O)COC(=O)C2=CNC(=O)NC2=O,0
CC(=O)N(C1=CC=CC=C1Cl)/N=C\2/C(=O)C3=CC=CC=C3S2,0
C[C@@]12[C@H]([C@H](C[C@@H](O1)N3C4=CC=CC=C4C5=C6C(=C7C8=CC=CC=C8N2C7=C53)CNC6=O)NC)OC,0
CC1=CC(=NC(=N1)C2=CC=CC=C2O)NCCCN,0
CS(=O)(=O)N1CCN(CC1)C2=CC=CC=C2NC(=O)C3=CC=C(O3)Br,0
CCC(=O)NC1=C2CSCC2=NN1C3=CC=CC=C3C,0
C1=CN=CC=C1/C=N/NC2=C(C=NC=C2Cl)Cl,0
CCC1=NNC2=CC=CC3=C(C=CC1=C32)OC,0
CC1=CC(=O)OC2=C1C(=CC(=C2)OC(=O)C)OC(=O)C,0
C1COCCN1CC2=CC=C(C=C2)NC(=O)C3=CC=C(O3)C4=CC(=CC=C4)Cl,0
C1=CC=C(C=C1)C2=C3C(=CC=C2)N=C(N=C3NCC4=CC=CC=N4)Cl,0
CCCN1C(=O)C2=CC=CC=C2N3C1=NN=C3SC,0
C1=CC=C(C=C1)CCN2C(=O)C3=CC=CC=C3N4C2=NNC4=O,0
C1=CC=C(C=C1)CCN2C(=O)C3=C(C=CC(=C3)F)N4C2=NN=C4N,0
CC1=NN=C2N1C3=C(C=C(C=C3)F)C(=O)N2CCC4=CC=CC=C4,0
C1=CC=C(C=C1)CCN2C(=O)C3=C(C=CC(=C3)F)N4C2=NN=C4,0
CSC1=NN=C2N1C3=CC=CC=C3C(=O)N2CCC4=CC=CC=C4,0
CCCN1C(=O)C2=CC=CC=C2N3C1=NN(C3=S)CC(=O)C4=CC=CC=C4,0
CNC(=S)N1CN(C(=O)C2=C1C=CC(=C2)F)CCC3=CC=CC=C3,0
CC(C)(C)C1CCC(CC1)C(=O)NCCCN2C(=O)C3=C(C=CC(=C3)F)N4C2=NNC4=S,0
CCCN1C(=O)C2=C(C=CC(=C2)F)N3C1=NN=C3SC,0
CCCN1C(=O)C2=C(C(=CC=C2)F)N3C1=NN=C3SC,0
CCCN1C(=O)C2=C(C(=CC=C2)Cl)N3C1=NN=C3SC,0
CCCN1C(=O)C2=C(C(=CC=C2)OC)N3C1=NN=C3SC,0
CCOC1=CC=C(C=C1)C(=O)NC,0
CNC(=O)C1=CC=C(C2=CC=CC=C21)OC,0
C1=CC(=CC=C1/C=C(\C#N)/C(=O)N)C2=CC=NC=C2,0
CNC(=O)C1=CC=CC2=CC=CC=C21,0
CNC(=O)C1=CC=C(C=C1)OC,0
CC1=CC=C(C=C1)C2=CN(C(=O)C=N2)CC(=O)NC,0
CNC(=O)C1=CC2=C(C(=C1)OC)OCCO2,0
C1=CC(=CC=C1/C=C/C#N)C2=CC=NC=C2,0
CCOP(=O)(/C(=C/C1=CC=C(C=C1)C2=CC=NC=C2)/C#N)OCC,0
CC1=NC(=NO1)C2=CC=C(C=C2)C(=O)NC,0
CC1=CC2=C(C=C1)OCC(=O)N2CC(=O)NC,0
CNC(=O)C1=CN(C2=CC=CC=C21)S(=O)(=O)C3=CC=CC=C3,0
CNC(=O)C1CC(NN1)C2=CC(=CC=C2)OC,0
CNC(=O)C1=CC2=C(C=C1)N=CC=C2,0
CC1=CC2=C(S1)N=CN=C2SCC(=O)NC,0
CNC(=O)C1=CC(=C(S1)C(F)(F)F)C2=CC=CC=C2,0
CC1=[N+](C(C=C1C(=O)NC)CCCN2CCOCC2)C3=CC=CC=C3,0
CC1=C(C=C(N1C2=CC=CC=C2)C3=CC=CC=C3)C(=O)NC,0
CNC(=O)C1=C(C(=C(S1)C(F)(F)F)C2=CC=CC=C2)N,0
CCOc1ccc(Nc2ncc3c(n2)-c2ccccc2NC(=O)C3)cc1,0
O=C1Cc2cnc(Nc3ccc(O)cc3)nc2-c2ncccc2N1,0
O=C1Cc2cnc(Nc3cccc(O)c3)nc2-c2ncccc2N1,0
C#CNC(=O)/C(C#N)=c1\s/c(=C/Nc2ccc(OCCN(C)C)cc2)c(=O)n1CC,1
N#Cc1cc([N+](=O)[O-])c2sc(C(N)=O)[n+]([O-])c2c1,0
Cc1ccc(COc2cc(-n3cnc4ccccc43)sc2C(N)=O)cc1,1
Cc1ccccc1COc1cc(-n2cnc3cc(Cl)ccc32)sc1C(N)=O,1
CS(=O)(=O)c1ccc2ncn(-c3cc(OCc4ccccc4C(F)(F)F)c(C(N)=O)s3)c2c1,1
COc1ccc2c(c1)ncn2-c1cc(OCc2ccccc2C(F)(F)F)c(C(N)=O)s1,1
COc1cc2ncn(-c3cc(OCc4ccccc4Br)c(C(N)=O)s3)c2cc1OC,1
COc1cc2ncn(-c3cc(OCC4CCCC4)c(C(N)=O)s3)c2cc1OC,1
Nc1ncc(NC(=O)c2cc(NC(=O)c3cccc(C(F)(F)F)c3)ccc2Cl)cc1Cl,0
CC(C)N1c2nc(-n3ccnc3-c3ccc(F)cc3)ncc2N(C)C(=O)C12CCC2,0
CC[C@@H]1C(=O)N(C)c2cnc(-n3ccnc3-c3ccc(F)cc3)nc2N1c1cn[nH]c1,0
CC[C@@H]1C(=O)N(C)c2cnc(-n3ccnc3-c3ccc(F)cc3)nc2N1c1cnn(C)c1,0
CC[C@@H]1C(=O)N(C)c2cnc(-n3ccnc3-c3ccccc3)nc2N1[C@H]1CCOC1,1
CC[C@@H]1C(=O)N(C)c2cnc(-c3cn[nH]c3-c3nccs3)nc2N1C1CCOCC1,1
CC[C@@H]1C(=O)N(C)c2cnc(-n3ccnc3-c3ccccc3)nc2N1C1CCCC1,1
C=Cn1nc(C(N)=O)c2c1-c1nc(Nc3cc(N4CCN(C)CC4)ccc3OC(F)(F)F)ncc1CC2,1
NC(=O)c1sc(-n2cnc3ccccc32)cc1OCc1ccccc1C(F)(F)F,1
Cn1cncc1-c1cc(OCc2ccccc2C(F)(F)F)c(C(N)=O)s1,1
CCNCc1ccc([C@@H](C)Oc2cc(-c3cnc4ccccn34)sc2C(N)=O)c(Cl)c1,1
CNC(=O)c1sc(-n2cnc3cc(OC)c(OC)cc32)cc1OCc1ccccc1C(F)(F)F,0
COc1ccccc1COc1cc(-n2cnc3ccccc32)sc1C(N)=O,1
COc1ccc(Nc2ncc3c(n2)-c2ccc(Cl)cc2NC(=S)C3)cc1CCCN(C)C,1
C[C@H](Nc1cc2c(-c3cc(Cl)cc(CCCO)c3)noc2cn1)c1ccccc1,1
C[C@H](Nc1cc2c(-c3ccc4c(c3)OCO4)noc2cn1)c1ccccc1,1
Cc1ccc(-c2noc3cnc(N[C@@H](C)c4ccccc4)cc23)cc1,0
Cc1c(C(=O)N2CCOc3ccc(-c4ccc(N)nc4)cc3C2)ccc(S(C)(=O)=O)c1F,0
CCN(CC)CCN(C)c1ccc(OC(F)(F)F)c(Nc2ncc3c(n2)-c2c(c(C(N)=O)nn2C)CC3)c1,1
CCn1c(=O)/c(=C\Nc2ccc(CCN3CCCC3)cc2)s/c1=C(/C#N)C(=O)NCC(F)(F)F,1
O=[N+]([O-])c1ccc(Nc2nccc(-c3cccc([N+](=O)[O-])c3)n2)cc1,0
O=C(/C=C/c1cccc(-c2ccc3ncnc(Nc4ccc(OCc5cccc(F)c5)c(Cl)c4)c3c2)c1)NO,0
O=C(/C=C/c1ccc(-c2ccc3ncnc(Nc4ccc(OCc5cccc(F)c5)c(Cl)c4)c3c2)cc1)NO,0
Nc1ccccc1NC(=O)CCc1ccc(-c2ccc3ncnc(Nc4ccc(OCc5cccc(F)c5)c(Cl)c4)c3c2)cc1,0
CC[C@@H]1C(=O)Nc2cnc(Nc3ccc(C(=O)NC4CCN(C)CC4)cc3OC)nc2N1C1CCCCC1,1
CC[C@@H]1C(=O)N(C)c2cnc(Nc3ccc(C(=O)NC4CCN(C)CC4)cc3OC)nc2N1C1CCCC1,1
COc1cc(C(=O)NC2CCCCC2)ccc1Nc1ncc2c(n1)N(C1CCCC1)[C@H](C)C(=O)N2C,1
COc1cc(C2=C(c3c[nH]c4ccccc34)C(=O)NC2=O)cc(OC)c1OC,0
C[C@@H](Oc1cc(-n2cnc3cc(-c4cccnc4)ccc32)sc1C(N)=O)c1ccccc1C(F)(F)F,1
C[C@@H](Oc1cc(-n2cnc3cc(-c4ccnc(N)n4)ccc32)sc1C(N)=O)c1ccccc1C(F)(F)F,1
C[C@@H](Oc1cc(-n2cnc3cc(-c4ccnc(N5CCN(C)CC5)c4)ccc32)sc1C(N)=O)c1ccccc1Cl,1
CC(=O)Nc1ccc(Nc2ncc([N+](=O)[O-])c(Nc3ccccc3C(=O)c3ccccc3)n2)cc1,1
COc1cc(C(=O)NCCc2ccccc2)ccc1Nc1ncc2c(n1)N(C1CCCC1)[C@H](C)C(=O)N2C,1
CC[C@H]1C(=O)N(C)c2cnc(Nc3ccc(C(=O)NC4CCN(C)CC4)cc3OC)nc2N1C1CCCC1,1
O=C1NCCc2[nH]c(-c3ccncc3)cc21,1
Cc1ccc(NC(=O)c2ccc(CN3CCN(C)CC3)cc2)cc1-c1ccc2ccncc2c1,0
COc1cc2ncn(-c3cc(O[C@@H](C)c4ccccc4Cl)c(C(N)=O)s3)c2cc1OC,1
CNC(=O)Cn1cc(-c2ccc(C)cc2)ncc1=O,0
CCOc1ccc(C(=O)NC)cc1,0
Cc1n[nH]c2sc(C(=O)NCc3ccccc3)cc12,0
COc1cc(C2CN(C(=O)c3cc(COC[C@@H](O)CO)ccn3)C2)ccc1OCc1ccc(C2CC2)cc1,0
CC(Oc1cc(-n2cnc3ccc(OC4CCN(C)CC4)cc32)ccc1C(N)=O)c1ccccc1C(F)(F)F,1
N=C(N)SCCCn1c(=O)c2c(c1=O)n1c3ccccc3cc1c1cccc3ccn2c31,0
Cc1nnc(-c2ccc(-c3cc(C(=O)NC4CC4)ccc3C)c(C)c2)o1,0
COc1cc2c(Nc3ccc(NC(=O)c4ccccc4)cc3)ncnc2cc1OCCCN1CCOCC1,0
CC(=O)N(C)c1cccc(Nc2nc(NCCc3cccs3)ncc2-c2nn[nH]n2)c1,1
COc1cc2ncn(-c3cc(OCCCc4ccccc4)c(C(N)=O)s3)c2cc1OC,1
CN1CCN(c2ccc(C(=O)Nc3n[nH]c4c3CN(C(=O)Cc3cccs3)C4)cc2)CC1,1
COc1cccc(Nc2nc(NC(C)c3ccccc3)ncc2C#N)c1,1
Cc1nc(C)c(-c2ccnc(Nc3ccc(O)cc3)n2)s1,0
Nc1ncnc2c1c(-c1cccc(OCc3ccccc3)c1)cn2[C@H]1C[C@@H](CN2CCC2)C1,0
O=C1Nc2ccccc2/C1=C\c1ccc2c(/C=C/c3cccnc3)n[nH]c2c1,0
O=C1Nc2ccc(I)cc2/C1=C/c1cc(Br)c(O)c(Br)c1,0
Nc1ccc2c(c1)nc(Cc1ccc3c(c1)OCO3)n1nc(N)nc21,0
C[C@@H](Oc1cc(-c2cnc3ccccn23)sc1C(N)=O)c1ccc(CNC(C)(C)C)cc1OC(F)F,1
CC(C)(O)c1cccc(-n2cc(F)c3cnc(Nc4ccc(N5CCNCC5)cc4)nc32)n1,1
CC(C)(O)c1cccc(-n2cc(F)c3cnc(Nc4ccc(N5C[C@@H]6C[C@H]5CN6)cc4)nc32)n1,1
CN1CCN(c2ccc(Nc3ncc4c(F)cn(-c5cccc(C6(F)COC6)n5)c4n3)cc2)CC1,1
CN1CCN(Cc2cccc(Nc3ncc4c(n3)-c3ccc(Cl)cc3NC(=O)C4)c2)CC1,1
Cn1nc(C(N)=O)c2c1-c1nc(Nc3cc(NC4CCCN4)ccc3OC(F)(F)F)ncc1CC2,1
NC(=O)c1sc2c([N+](=O)[O-])cc(C(F)(F)F)cc2[n+]1[O-],0
COc1ccc(COc2cc(-n3cnc4ccccc43)sc2C(N)=O)cc1,1
Cc1cscc1-c1noc2cnc(N[C@@H](C)c3ccccc3)cc12,1
C[C@H](Nc1cc2c(-c3cccc(Cl)c3)noc2cn1)c1ccccc1,1
C[C@@H](Oc1cc(-c2cnc3ccccn23)sc1C(N)=O)c1ccc(CN2CCS(=O)(=O)CC2)cc1Cl,1
Cc1cc(CNC(C)(C)C)ccc1[C@@H](C)Oc1cc(-c2cnc3ccccn23)sc1C(N)=O,1
COc1cc(-c2nc(-c3c[nH]c4ccccc34)c[nH]c2=O)cc(OC)c1OC,0
C=CCn1c(=O)c2cnc(Nc3ccc(N4CCN(C)CC4)cc3)nc2n1-c1cccc(C(C)(C)O)n1,1
NS(=O)(=O)c1cccc(-c2n[nH]c3ccc(NC(=O)C(c4ccsc4)N4CCCC4)cc23)c1,0
Cn1nc(C(N)=O)c2c1-c1nc(Nc3cc(N4CCNCC4)ccc3OC(F)(F)F)ncc1CC2,1
O=c1cc(N2CCOCC2)oc2c(-c3ccccc3)cccc12,0
CCCN(CC1CC1)c1nc(NC(C)c2ccccc2)ncc1C#N,1
CCCN(CC1CC1)c1nc(NCc2ccc3c(c2)OCO3)ncc1C#N,0
O=C1C(C2=C3C(=Nc4ccccc43)/C(=C\c3ccc(O)cc3)C2=O)=C2C(=Nc3ccccc32)/C1=C\c1ccc(O)cc1,0
Nc1cccc(-c2ccnc(Nc3ccc(O)cc3)n2)c1,0
O=C(c1sc2c([N+](=O)[O-])cc(C(F)(F)F)cc2[n+]1[O-])N1CCCC1,0
COc1c(Nc2ncc3c(n2)N(C2CCCC2)CC(F)(F)C(=O)N3C)ccc(C(=O)NC2CCN(C)CC2)c1F,1
NC(=O)c1c[nH]c(-c2ccnc(N)n2)c1,0
Cc1cc(O)ccc1Nc1ncc2c(n1)-c1ccccc1NC(=O)C2,0
O=C1Cc2cnc(Nc3ccc(O)cc3)nc2-c2cnccc2N1,0
COc1ccc(Nc2ncc3c(n2)-c2cnccc2NC(=O)C3)cc1,0
O=C1Cc2cnc(Nc3ccc(O)c(Cl)c3)nc2-c2ncccc2N1,0
C=CS(=O)(=O)N1CCC[C@@H]1Cn1cc(-c2ccc3c(c2)OCO3)c2c(N)ncnc21,0
COc1cc2ncn(-c3cc(OCc4cccs4)c(C(N)=O)s3)c2cc1OC,1
COc1cc2ncn(-c3cc(OCc4ccccc4C(F)(F)F)c(C(=O)O)s3)c2cc1OC,1
CN[C@@H]1C[C@H]2O[C@@](C)([C@@H]1OC)n1c3ccccc3c3c4c(c5c6ccccc6n2c5c31)C(=O)NC4,1
Cn1nc(C(N)=O)c2c1-c1nc(Nc3ccccc3[N+](=O)[O-])ncc1CC2,1
Cc1n[nH]c2sc(C(N)=O)cc12,0
COc1cc2ncn(-c3cc(OCC4CCCO4)c(C#N)s3)c2cc1OC,0
Cc1cccc(COc2cc(-n3cnc4ccccc43)sc2C(N)=O)c1,1
NC(=O)c1sc(-n2cnc3ccc(C(F)(F)F)cc32)cc1OCc1ccccc1Br,1
COc1cc2ncn(-c3cc(OCc4cccc(N)c4)c(C(N)=O)s3)c2cc1OC,1
COc1cc2ncn(-c3cc(OCc4ccccc4C(F)(F)F)c(C(N)=S)s3)c2cc1OC,1
O=C1Cc2cnc3cc(-c4ccccc4)nn3c2-c2cnccc2N1,0
O=C1Cc2cnc3cc(-c4ccccc4)nn3c2-c2ncccc2N1,0
O=C1Cc2cnc(Nc3ccc(Br)cc3)nc2-c2ccccc2N1,0
CCOc1ccc(Nc2ncc3c(n2)-c2ccc(OC)cc2NC(=O)C3)cc1,0
CC(=O)N1CCC(Nc2ncc3c(n2)-c2c(c(C(N)=O)nn2C)CC3)CC1,0
CCNC(=O)/C(C#N)=c1\s/c(=C/Nc2cccc(C(=O)NCCCN3CCCC3)c2)c(=O)n1CC,1
C[C@@H](Oc1cc(-n2cnc3cc(-c4cnn(C)c4)ccc32)sc1C(N)=O)c1ccccc1Cl,1
CC[C@@H]1c2nnc(C)n2-c2cnc(Nc3ccc(C(=O)NC4CCN(C)CC4)cc3OC)nc2N1Cc1ccccc1,1
Cc1n[nH]c2sc(C(N)=O)c(NC(=O)COc3ccccc3)c12,0
CC[C@@H]1c2nncn2-c2cnc(Nc3ccc(C(=O)NC4CCN(C)CC4)cc3OC)nc2N1CC1CCCCC1,0
CC[C@@H]1c2nncn2-c2cnc(Nc3ccc(C(=O)NC4CCN(C)CC4)cc3OC)nc2N1Cc1ccc(Cl)cc1,0
C[C@H](Oc1cc(-c2cnc3ccccn23)sc1C(N)=O)c1ccccc1Cl,1
C[C@@H](Oc1cc(-c2cnc3ccccn23)sc1C(N)=O)c1ccc(CN(C)C)cc1Cl,1
C[C@@H](Oc1cc(-c2cnc3ccccn23)sc1C(N)=O)c1ccc(CNC(C)(C)C)cc1C(F)F,1
CCc1cccc(CC)c1NC(=O)c1nn(C)c2c1CCc1cnc(Nc3ccc(C(=O)N4CCC[C@H]4CN4CCCC4)cc3OC(F)(F)F)nc1-2,0
CCNc1cc(-c2ccc(NC(=O)Nc3cccc(Cl)c3)cc2C(F)(F)F)ccn1,1
CCC1C(=O)N(C)c2cnc(-n3ccc4cc(C(=O)NC(C)C)ccc43)nc2N1c1ccn(C)n1,0
CCC1C(=O)N(C)c2cnc(Nc3ccc(S(=O)(=O)NCCO)cc3)nc2N1c1ccn(C)n1,0
Cc1ccc(C2=Nc3c(N)ncnc3NCC2)cc1,0
Cc1nn(-c2cccc(Cl)c2)c2cc(N[C@@H](C)c3ccccc3)ncc12,1
Cc1cccc(-c2noc3cnc(N[C@@H](C)c4ccccc4)cc23)c1,1
NC(=O)c1sc(-c2cnc(N)s2)cc1OCc1ccccc1C(F)(F)F,0
CC(C)NCc1ccc([C@@H](C)Oc2cc(-c3cnc4ccccn34)sc2C(N)=O)c(Cl)c1,1
C[C@@H](Oc1cc(-c2cnc3ccccn23)sc1C(N)=O)c1ccc(CNC(C)(C)C)cc1F,1
O=C1Cc2cnc3ccnn3c2-c2ccccc2N1,0
COc1ccc2c(c1)NC(=O)Cc1cnc(Nc3cccc(O)c3)nc1-2,1
O=C(/C=C/c1cccc([N+](=O)[O-])c1)NNC(=O)c1ccc2c(c1)OCCO2,0
CC(C)c1ccc(CCCN(C)C)cc1Nc1ncc2c(n1)-c1ccc(Cl)cc1NC(=S)C2,1
O=C1Cc2cnc(Nc3ccc(C(=O)NC4CCCC4)cc3)nc2-c2ccc(Cl)cc2N1,1
COc1ccc(Nc2ncc3c(n2)-c2ccc(C#N)cc2NC(=O)C3)cc1OC,1
Cn1nc(C(N)=O)c2c1-c1nc(Nc3ccccc3)ncc1CC2,1
CC(=O)c1ccc(Nc2ncc3c(n2)-c2c(c(C(N)=O)nn2C)CC3)cc1,1
C[C@@H](Oc1cc(-n2cnc3cc(-c4ccncc4)ccc32)sc1C(N)=O)c1ccccc1Cl,1
C[C@@H](Oc1cc(-n2cnc3cc(-c4ccnc(NC5CCN(C)CC5)c4)ccc32)sc1C(N)=O)c1ccccc1Cl,1
C[C@@H](Oc1cc(-n2cnc3cc(OC4CCN(C)CC4)ccc32)ccc1C(N)=O)c1ccccc1C(F)(F)F,0
CC(Oc1cc(-n2cnc3cc(OCCCN(C)C)ccc32)ccc1C(N)=O)c1ccccc1C(F)(F)F,0
O=C1Cc2cnc(Nc3ccc([N+](=O)[O-])cc3)nc2-c2ccccc2N1,0
O=C1Cc2cnc(Nc3ccc(O)cc3)nc2-c2ccccc2N1,0
Cn1c(=O)c2cc3c(nc2n(C)c1=O)-c1cnccc1NC(=O)C3,0
CC(C)n1nc(C(N)=O)c2c1-c1nc(Nc3ccccc3)ncc1CC2,1
Cn1nc(C(N)=O)c2c1-c1nc(Nc3cccc([N+](=O)[O-])c3)ncc1CC2,0
C=CCOC(=O)/C(C#N)=C1\SC(CNc2ccc(C(C)=O)cc2)C(=O)N1CC,1
CCn1c(=O)/c(=C\Nc2ccccc2)s/c1=C(/C#N)C(=O)N1CCCC1,1
O=c1c(O)c(-c2ccc(O)cc2O)oc2cc(O)cc(O)c12,0
COc1cc2ncn(-c3cc(OCc4ccccc4C(F)(F)F)c(C(N)=O)s3)c2cc1OC,1
COc1cc2ncn(-c3cc(OCc4ccccc4Cl)c(C(N)=O)s3)c2cc1OC,1
COc1cc2ncn(-c3cc(OCc4ccc(S(C)(=O)=O)cc4)c(C(N)=O)s3)c2cc1OC,1
COc1cc2ncn(-c3cc(OCc4ccoc4)c(C(N)=O)s3)c2cc1OC,1
COc1cc2ncn(-c3cc(OCc4ccncc4)c(C(N)=O)s3)c2cc1OC,1
COc1cc2c(cc1Cl)C(c1cccc(Cl)c1)=NCC2,0
Cc1nc(N)sc1-c1ccnc(Nc2ccc(O)cc2)n1,0
COC(=O)c1ccsc1Nc1nc(Nc2ccc(N3CCC(N4CCCC4)CC3)cc2OC)ncc1[N+](=O)[O-],1
COC(=O)c1sccc1Nc1nc(Nc2ccc(N3CCC(N(C)C)CC3)cc2OC)ncc1F,1
Cn1nc(C(N)=O)c2c1-c1nc(Nc3ccccc3N)ncc1CC2,1
CC(=O)c1cc(N2CCN(C)CC2)ccc1Nc1ncc2c(n1)-c1c(c(C(N)=O)nn1C)CC2,1
Cn1nc(C(N)=O)c2c1-c1nc(Nc3ccccc3-c3ccccc3)ncc1CC2,0
Cn1nc(C(=O)NC2CC2)c2c1-c1nc(Nc3ccccc3)ncc1CC2,0
Cn1nc(C(=O)O)c2c1-c1nc(Nc3ccccc3)ncc1CC2,1
CN1C(C)(C)CC(Nc2ccc(OC(F)(F)F)c(Nc3ncc4c(n3)-c3c(c(C(N)=O)nn3C)CC4)c2)CC1(C)C,1
CCN(CC)CC(O)Cn1cc(C(=O)O)c2ccccc21,0
O=C(O)Cc1cn(CC(O)CN2CCCCC2)c2ccccc12,1
COc1cc(OC)c(/C=C/S(=O)(=O)Cc2ccc(OC)c(NCC(=O)O)c2)c(OC)c1,1
O=c1oc2c(O)c(O)cc3c(=O)oc4c(O)c(O)cc1c4c23,0
Cn1c(=O)c(S(=O)(=O)c2ccc(F)cc2F)cc2cnc(Nc3ccc4[nH]ccc4c3)nc21,0
Cc1ccc(O)cc1CC[C@@H]1[C@H](O)CC[C@]2(C)[C@@H]([C@H](C)CCCC(C)C)[C@@H](O)C[C@@H]12,0
Cc1nc(-c2ccccc2)n2nc(Nc3ccc(OCCN(C)C)cc3)ncc12,1
CCc1cccc(CC)c1NC(=O)c1nn(C)c2c1CCc1cnc(Nc3ccc(C(=O)N4CCCN(C)CC4)cc3OC)nc1-2,0
Nc1nccc(-c2cc3c([nH]2)CCNC3=O)n1,0
Cn1nc(C(N)=O)c2c1-c1nc(Nc3cccc(C(F)(F)F)c3)ncc1CC2,1
O=C(/C=C/c1ccc(-c2ccc3ncnc(Nc4ccc(OCc5cccc(F)c5)c(Cl)c4)c3c2)s1)NO,0
Cc1n[nH]c2sc(C(N)=O)c(NC(=O)c3ccccc3Cl)c12,0
COC(=O)C(=O)Nc1c(C(N)=O)sc2[nH]nc(C)c12,0
O=C(NCCc1ccccc1)c1cc2c(-c3ccccc3)[nH]nc2s1,0
N#Cc1c(NC(=O)c2cccc3ccccc23)sc2c1CCCN2C(=O)C1CC1,0
CCOC(=O)/C(C#N)=c1\s/c(=C/Nc2ccccc2F)c(=O)n1CC,1
CC(=O)Nc1cccc(-c2ccnc(Nc3ccc(O)cc3)n2)c1,0
Cn1nc(C(=O)Nc2ccccc2)c2c1-c1nc(Nc3ccccc3)ncc1CC2,0
Cn1nc(C(N)=O)c2c1-c1nc(Nc3ccc(C(F)(F)F)cc3)ncc1CC2,1
CCCOc1ccc(C(=O)NC)cc1,0
C[C@@H](Oc1cc(-n2cnc3cc(-c4cnn(CCCN(C)C)c4)ccc32)sc1C(N)=O)c1ccccc1Cl,1
O=C1Cc2cnc(Nc3ccc(I)cc3)nc2-c2ccccc2N1,0
O=C1Cc2cnc(Nc3ccc(O)c(Cl)c3)nc2-c2ccccc2N1,0
C[C@H](Nc1cc2c(cn1)cnn2-c1ccccc1C(N)=O)c1ccccc1,1
Cn1c(-c2ccnc(Nc3ccc(O)cc3)n2)nc2ccccc21,0
Cn1c(-c2ccnc(Nc3ccc(O)c(Cl)c3)n2)nc2ccccc21,0
COC(=O)c1cc(O)c(O)c(C[C@]2(C)[C@@H](C)CC[C@@]3(C)C(C)=CCC[C@@H]23)c1,0
Cn1cc(C(N)=O)cc1-c1ccnc(Nc2cc(N3CCN(C(=O)OC(C)(C)C)CC3)ccc2OC(F)(F)F)n1,0
COc1ccc(CCCN(C)C)cc1Nc1ncc2c(n1)-c1ccc(Cl)cc1NC(=S)C2,1
NCCCc1ccc(Nc2ncc3c(n2)-c2ccc(Cl)cc2NC(=O)C3)cc1,1
CN(C)CCCc1ccc(OC(F)(F)F)c(Nc2ncc3c(n2)-c2ccc(Cl)cc2NC(=S)C3)c1,1
CN1CCN(c2ccc(OC(F)(F)F)c(Nc3nccc(-c4cc(C(N)=O)cn4C)n3)c2)CC1,1
Cc1ncc(CCCN(C)C)cc1Nc1ncc2c(n1)-c1ccc(C(F)(F)F)cc1NC(=S)C2,1
COc1c(CCCN(C)C)cccc1Nc1ncc2c(n1)-c1ccc(Cl)cc1NC(=S)C2,1
CN(C)CCCc1cccc(Nc2ncc3c(n2)-c2ccc(Cl)cc2NC(=O)C3)c1,1
COc1cccc(Nc2ncc3c(n2)-c2ccc(Cl)cc2NC(=O)C3)c1,1
COc1ccc(Nc2ncc3c(n2)-c2ccccc2NC(=O)C3)cc1OC,1
COc1cc(C(=O)NC2CCN(C)CC2)ccc1Nc1ncc2c(n1)N(C(C)C)[C@H](C)C(=O)N2C,1
CNC(=O)c1nn(C)c2c1CCc1cnc(Nc3ccccc3)nc1-2,0
CCOc1ccc(Nc2ncc3c(n2)-c2ncccc2NC(=O)C3)cc1,0
NC(=O)c1sc(-c2cnc3ccccn23)cc1OCc1ccccc1C(F)(F)F,1
C[C@@H](Oc1cc(-c2cnc3ccccn23)sc1C(N)=O)c1ccc(CO)cc1Cl,1
C[C@@H](Oc1cc(-c2cnc3ccccn23)sc1C(N)=O)c1ccc(CN2CCN(C)CC2)cc1Cl,1
C[C@@H](Oc1cc(-c2cnc3ccccn23)sc1C(N)=O)c1ccc(CN2CCC(O)C2)cc1Cl,1
O=C(O)c1cn(CC(O)CN2CCCC2)c2ccccc12,0
O=C(O)Cc1cn(CC(O)CN2CCOCC2)c2ccccc12,1
CC1=CC(=O)C(C(C)C)=CC1=O,0
CNC(=O)c1cc(Oc2ccc(NC(=O)Nc3ccc(Cl)c(C(F)(F)F)c3)cc2)ccn1.Cc1ccc(S(=O)(=O)O)cc1,0
CC[C@@H]1C(=O)N(C)c2cnc(Nc3ccc(S(=O)(=O)Nc4ccccc4)cc3)nc2N1C1CCCC1,1
O=C(O)c1cn(CC(O)CN2CCCCC2)c2ccccc12,0
O=C(O)Cc1cn(CC(O)CN2CCCC2)c2ccccc12,1
CN1CCN(CC(O)Cn2cc(CC(=O)O)c3ccccc32)CC1,0
O=C(CCc1cn(CC(O)CN2CCCCC2)c2ccccc12)c1ccccc1,0
O=C1Cc2cnc(Nc3ccccc3)nc2-c2ccc(Cl)cc2N1,1
COc1ccc(Nc2ncc3c(n2)-c2ccc(C(F)(F)F)cc2NC(=O)C3)cc1OC,1
CCN1CCN(c2ccc(OC(F)(F)F)c(Nc3ncc4c(n3)-c3c(c(C(N)=O)nn3C)CC4)c2)CC1,1
CCn1c(-c2nonc2N)nc2cncc(C(=O)N3CC[C@H](N)C3)c21,0
C[C@@H](Oc1cc(-n2cnc3cc(-c4cnc(N)nc4)ccc32)sc1C(N)=O)c1ccccc1C(F)(F)F,1
C[C@@H](Oc1cc(-n2cnc3cc(-c4ccnc(NCCS(C)(=O)=O)c4)ccc32)sc1C(N)=O)c1ccccc1Cl,1
COc1ccc(Cn2ncc(NC(=O)c3cc(NC(=O)Nc4ccc(Cl)c(C(F)(F)F)c4)ccc3C)c2N)cc1,1
CNc1nccc(-c2cccnc2Oc2ccc(NC(=O)c3cccc(C(F)(F)F)c3)cc2C)n1,0
NC(=O)c1sc(-n2cnc3cc(C(F)(F)F)ccc32)cc1OCc1ccccc1Br,1
COc1cc2ncn(-c3cc(OCc4ccsc4)c(C(N)=O)s3)c2cc1OC,1
CCc1cccc(CC)c1NC(=O)c1nn(C)c2c1CCc1cnc(Nc3ccc(C(=O)NCCN(C)C)cc3OC)nc1-2,0
Cc1nn(-c2ccc(F)cc2)c2cc(N[C@@H](C)c3ccccc3)ncc12,0
CC(Oc1cc(-c2nc(-c3ccc(CN(C)C)cc3)cnc2N)ccc1C(N)=O)c1ccccc1C(F)(F)F,0
O=c1c2cc(F)ccc2n2c(=S)[nH]nc2n1CCN1CCOCC1,0
Cc1noc(C)c1CCC(=O)NCCCn1c(=O)c2cc(F)ccc2n2c(=S)[nH]nc12,0
O=C(Cc1ccc(Br)cc1)NCCCn1c(=O)c2cc(F)ccc2n2c(=S)[nH]nc12,0
CCN(CC)CCNC(=O)c1c(C)[nH]c(/C=C2\C(=O)Nc3ccc(F)cc32)c1C,0
COc1cccc(/C=C/C(=O)NNC(=O)c2ccc3c(c2)OCCO3)c1,1
O=C(/C=C/c1ccc(Cl)cc1)NNC(=O)c1ccc2c(c1)OCCO2,0
COc1cc2ncn(-c3cc(OCc4ccccc4S(C)(=O)=O)c(C#N)s3)c2cc1OC,1
CC(Nc1ncc(C#N)c(N2CCc3ccccc3C2)n1)c1ccccc1,1
Clc1ccc(Nc2nccc(-c3cccc(Cl)c3)n2)cc1,0
CCOC(=O)/C(C#N)=c1\s/c(=C/Nc2ccc(NC(=O)COC)cc2)c(=O)n1CC,1
N#Cc1sc2c([N+](=O)[O-])cc(C(F)(F)F)cc2[n+]1[O-],0
CNc1ccc(C(=O)NCCn2cc(C=C3C(=O)NC(=O)NC3=O)c(-c3ccccc3)n2)cc1,0
CC1(C)C(=O)N([C@H]2CCc3c(O)cccc32)c2nc(Nc3ccccc3)ncc21,0
CN1CCN(c2ccc(OC(F)(F)F)c(Nc3ncc4c(n3)-c3c(c(C(N)=O)nn3CCF)CC4)c2)CC1,1
Nc1nc(N)c2c(n1)NCCC(c1cccc(Cl)c1)=N2,0
Nc1ncnc2c1N=C(c1ccc(Cl)cc1)CCN2,0
CC[C@@H]1c2nnc(C)n2-c2cnc(Nc3ccccc3OC)nc2N1Cc1ccc(F)cc1,1
CC[C@@H]1c2nnc(C)n2-c2cnc(Nc3ccc(C(=O)NN4CCN(C)CC4)cc3OC)nc2N1C1CCCC1,1
CC[C@@H]1c2nncn2-c2cnc(Nc3ccc(C(=O)NC4CCN(C)CC4)cc3OC)nc2N1Cc1ccoc1,0
CC[C@@H]1C(=O)N(C)c2cnc(Nc3ccc(C(=O)NC4CCN(C)CC4)cc3OC)nc2N1C1CCCC1,1
CCCCNC(=O)c1cc2c(C)n[nH]c2s1,0
CC[C@@H]1C(=O)N(C)c2cnc(Nc3ccc(C(=O)NC4CCCC4)cc3OCCO)nc2N1C1CCCC1,1
CC[C@@H]1C(=O)N(C)c2cnc(Nc3ccc(C(=O)NC4CCOCC4)cc3OCCO)nc2N1C1CCCC1,1
CC[C@@H]1C(=O)N(C)c2cnc(Nc3ccc(C(=O)NC)cc3OCCO)nc2N1C1CCCC1,1
CC[C@@H]1C(=O)N(C)c2cnc(Nc3ccc(C(=O)NC4CCN(C)CC4)cc3OCCO)nc2N1C(C)C,1
CC[C@@H]1C(=O)N(C)c2cnc(Nc3cc(F)c(C(=O)NC(C)C)cc3OCCO)nc2N1C1CCCC1,1
COc1cccc(F)c1-c1ccnc(Nc2ccc(S(=O)(=O)Nc3nnc(C)s3)cc2)n1,0
COc1cc(C(=O)NC2CCN(C)CC2)ccc1Nc1ncc2c(n1)N(C1CCCC1)[C@H](C)C(=O)N2C,1
COc1cc(C(=O)NC2=CCN(C)C=C2)ccc1Nc1ncc2c(n1)N(C1CCCC1)[C@H](C)C(=O)N2C,1
COc1cc(C(=O)NC2CCNCC2)ccc1Nc1ncc2c(n1)N(C1CCCC1)[C@H](C)C(=O)N2C,1
Cc1ccc(CC(=O)NCCCn2c(=O)c3cc(F)ccc3n3c(=S)[nH]nc23)cc1,0
O=C(Cc1ccncc1)NCCCn1c(=O)c2cc(F)ccc2n2c(=S)[nH]nc12,0
CC[C@@H]1c2c(CO)ncn2-c2cnc(Nc3ccc(C(=O)NC4CCN(C)CC4)cc3OC)nc2N1C1CCCC1,1
CNC(=O)c1ccc(OC)cc1,0
Cc1ccc(NC(=O)Nc2nnc(Sc3ncnc4cc(OCCCN5CCOCC5)ccc34)s2)cc1,0
CCC1C(=O)N(C)c2cnc(-n3ccc4cc(F)ccc43)nc2N1c1ccn(C)n1,0
CC[C@@H]1C(=O)N(C)c2cnc(-n3ccc4cc(C(=O)NC(C)C)ccc43)nc2N1C1CCCC1,1
CC[C@@H]1C(=O)N(C)c2cnc(-n3ccc4cc(F)ccc43)nc2N1C1CCCC1,0
CCC1C(=O)N(C)c2cnc(Nc3ccc(S(N)(=O)=O)cc3)nc2N1c1ccn(C)n1,0
CCCNS(=O)(=O)c1ccc(Nc2ncc3c(n2)N(C2CCCC2)[C@H](CC)C(=O)N3C)cc1,1
CC[C@@H]1C(=O)N(C)c2cnc(Nc3ccc(C(=O)NC4CCN(C)CC4)cc3OC)nc2N1C1CCCC1,1
Cc1cc(-c2ccc3c(c2)ncn3-c2cc(O[C@H](C)c3ccccc3C(F)(F)F)c(C(N)=O)s2)ccn1,1
C[C@@H](Oc1cc(-n2cnc3cc(-c4ccnc(N5CCNCC5)c4)ccc32)sc1C(N)=O)c1ccccc1Cl,1
C[C@@H](Oc1cc(-n2cnc3cc(-c4ccnc(N5CCOCC5)c4)ccc32)sc1C(N)=O)c1ccccc1C(F)(F)F,1
C[C@@H](Oc1cc(-n2cnc3cc(-c4cnn(CCN5CCN(C)CC5)c4)ccc32)sc1C(N)=O)c1ccccc1Cl,1
CC[C@@H]1C(=O)N(C)c2cnc(-n3ccnc3-c3ccc(F)cc3)nc2N1C1CC(F)(F)C1,0
CC[C@@H]1C(=O)N(C)c2cnc(-n3ccnc3-c3ccccc3)nc2N1c1cncnc1,0
CCC1C(=O)N(C)c2cnc(-n3ccnc3-c3ccc(F)cc3)nc2N1c1cc[nH]n1,0
CC[C@@H]1C(=O)N(C)c2cnc(-c3cn[nH]c3-c3nccs3)nc2N1c1cn[nH]c1,0
CN1CCN(c2ccc(Nc3ncc4c(F)cn(-c5cccc(N=S(C)(C)=O)n5)c4n3)cc2)CC1,1
C[C@@H](Oc1cc(-n2cnc3cc(-c4ccnc(NC5CCN(C)CC5)n4)ccc32)sc1C(N)=O)c1ccccc1Cl,1
COc1cc(Nc2ncc3c(C)nc(-c4cccc(Oc5ccccc5)c4)n3n2)cc(OC)c1OC,1
COc1cc(Nc2ncc3c(C)nc(-c4ccc(F)cc4)n3n2)cc(OC)c1OC,1
Cn1cc(C(N)=O)cc1-c1ccnc(Nc2cc(N3CCNCC3)ccc2OC(F)(F)F)n1,1
COc1ccc(CO)cc1Nc1ncc2c(n1)-c1c(c(C(N)=O)nn1C)CC2,1
CNc1nccc(-c2cccnc2Oc2ccc(Nc3nnc(-c4ccc(F)cc4)c4ccccc34)cc2)n1,0
Cn1nc(C(N)=O)c2c1-c1nc(NC3CCN(C(=O)c4ccccc4)CC3)ncc1CC2,0
Cc1ccc(Nc2ncc3c(n2)-c2ccccc2NC(=O)C3)cc1,0
COc1ccc(Nc2ncc3c(n2)-c2ccc(OC)cc2NC(=O)C3)cc1,1
CNC(=O)c1nn(C)c2c1CCc1cnc(NC3CCN(C(=O)C4CCN(S(C)(=O)=O)CC4)CC3)nc1-2,0
CC[C@@H]1C(=O)N(C)c2cnc(-n3ccnc3-c3ccc(F)cc3)nc2N1C1COC1,0
C[C@@H](Oc1cc(-c2cnc3ccc(CO)cn23)sc1C(N)=O)c1ccccc1Cl,1
C[C@@H](Oc1cc(-c2cnc3ccccn23)sc1C(N)=O)c1ccc(CNC2CC2)cc1Cl,1
C[C@@H](Oc1cc(-c2cnc3ccccn23)sc1C(N)=O)c1ccc(CNC2CCCC2)cc1Cl,1
O=C1/C(=C\c2ccc(O)c(O)c2)Oc2ccccc21,0
CC(C)(C)OC(=O)N1CC(CCn2c(=O)c3cc(F)ccc3n3c(=S)[nH]nc23)C1,0
O=C(CN1CCOCC1)NCCCn1c(=O)c2cc(F)ccc2n2c(=S)[nH]nc12,0
CCCn1c(=O)c2cccc(OC)c2n2c(SC)nnc12,0
O=C(Nc1cccc(-c2ccnc3cc(-c4ccncc4)nn23)c1)c1cccc(C(F)(F)F)c1,0
CC[C@@H]1c2c(C#N)ncn2-c2cnc(Nc3cc(F)c(C(=O)NC4CN(C)C4)cc3OC)nc2N1C(C)C,1
COc1ccc2ncn(-c3cc(O[C@H](C)c4ccccc4C(F)(F)F)c(C(N)=O)s3)c2c1,1
CC[C@@H]1C(=O)N(C)c2cnc(Nc3ccc(C4CCN(C)CC4)cc3OC)nc2N1C1CCCC1,1
CCOc1cc(C(=O)NC2CCN(C)CC2)ccc1Nc1ncc2c(n1)N(Cc1ccccc1)[C@H](CC)C(=O)N2C,1
CC(Oc1cc(-c2nc(-c3cccc(CN(C)C)c3)cnc2N)ccc1C(N)=O)c1ccccc1C(F)(F)F,0
CC(Oc1cc(-c2cc(-c3ccc(CN(C)C)s3)cnc2N)ccc1C(N)=O)c1ccccc1C(F)(F)F,1
C[C@@H](Oc1cc(-c2cnc3ccccn23)sc1C(N)=O)c1ccc(CN2CCC(F)CC2)cc1Cl,1
COC(=O)c1sccc1Nc1nc(Nc2cc3c(cc2OC)CCN3C(=O)CN(C)C)ncc1C(F)(F)F,1
COC(=O)c1sccc1Nc1nc(Nc2ccc(N3CCC(N(C)C)CC3)cc2OC)ncc1C(F)(F)F,1
COC(=O)c1sccc1Nc1nc(Nc2ccc(N3CCC(N4CCCC4)CC3)cc2OC)ncc1F,1
COC(=O)c1sccc1Nc1nc(Nc2ccc(N3CCC(N4CCCC4)CC3)cc2OC)ncc1C,1
Cc1cccc(-n2nc(C)c3cnc(N[C@@H](C)c4ccccc4)cc32)c1,1
Cc1nn(-c2cccc(N(C)C)c2)c2cc(N[C@@H](C)c3ccccc3)ncc12,1
Cc1nn(-c2cccc(S(C)(=O)=O)c2)c2cc(N[C@@H](C)c3ccccc3)ncc12,1
C=CCOC(=O)/C(C#N)=C1\S[C@@H](CNc2ccc(NC(=O)NCCN3CCCC3)cc2)C(=O)N1CC,1
CCCOC(=O)/C(C#N)=c1\s/c(=C/Nc2ccc(O)cc2)c(=O)n1CC,1
CCOC(=O)/C(C#N)=c1\s/c(=C/Nc2ccc(NC(=O)NCCN3CCCC3)cc2)c(=O)n1CC,1
CN1CCN(c2ccc(OC(F)(F)F)c(Nc3nccc(-c4cc5c(n4C)CCNC5=O)n3)c2)CC1,1
CC[C@@H]1C(=O)N(C)c2cnc(Nc3ccc(C(=O)N[C@H]4CC[C@H](N5CCN(CC6CC6)CC5)CC4)cc3OC)nc2N1C(C)C,1
C[C@H](c1ccccc1)N1c2cc(-n3c(=O)[nH]c4ncccc43)ccc2C(=O)NC1(C)C,0
CC[C@@H]1c2c(C(=O)O)ncn2-c2cnc(Nc3ccc(C(=O)NC4CCN(C)CC4)cc3OC)nc2N1C1CCCC1,1
Cc1ccc(-n2nc(C)c3cnc(N[C@@H](C)c4ccccc4)cc32)cc1,0
COc1cc(N2CCC(N3CCN(C)CC3)CC2)ccc1Nc1ncc2c(n1)N(C)c1sc(C)nc1C(=O)N2C,0
COc1cc(C(=O)NC2CCN(C)CC2)ccc1Nc1ncc2c(n1)N(C1CCCC1)[C@H](CC(C)C)C(=O)N2C,1
COc1cc(C(=O)NCCN(C)C)ccc1Nc1ncc2c(n1)N(C1CCCC1)[C@H](C)C(=O)N2C,1
O=C1Cc2cnc3ncnn3c2-c2ncccc2N1,0
COc1ccc2c(c1)NC(=O)Cc1cc3c(=O)n(C)c(=O)n(C)c3nc1-2,0
CC(/C=C\C(F)(F)F)Oc1cc(-c2cc(-c3cc(CN(C)C)cs3)cnc2N)ccc1C(N)=O,0
CNc1nc2oc(-c3ccccc3)nc2c2c1ncn2C,0
CC[C@@H]1c2c(C(N)=O)ncn2-c2cnc(Nc3ccc(C(=O)NC4CCN(C)CC4)cc3OC)nc2N1C1CCCC1,1
CCNC(=O)c1ncn2c1[C@@H](CC)N(C1CCCC1)c1nc(Nc3ccc(C(=O)NC4CCN(C)CC4)cc3OC)ncc1-2,1
CC[C@@H]1c2c(C#N)ncn2-c2cnc(Nc3ccc(C(=O)NC4CCN(C)CC4)cc3OC)nc2N1C(C)C,1
Cc1nn(-c2cc(Cl)cc(Br)c2)c2cc(N[C@@H](C)c3ccccc3)ncc12,1
CC[C@@H]1C(=O)N(C)c2cnc(Nc3ccc(C(=O)NC4CCCC4)cc3C)nc2N1C1CCCC1,1
CC[C@@H]1C(=O)N(C)c2cnc(Nc3cc(F)c(C(=O)NC4CCCC4)cc3OCCO)nc2N1C1CCCC1,1
CC[C@@H]1C(=O)N(C)c2cnc(Nc3cc(F)c(C(=O)NCCN(C)C)cc3OCCO)nc2N1C1CCCC1,1
CCC1C(=O)N(C)c2cnc(Nc3cc(F)c(C(=O)NC4CCCC4)cc3OCCO)nc2N1C1CCCC1,1
CN1CCC(Oc2ccc3ncn(-c4cc(OCc5ccccc5C(F)(F)F)c(C(N)=O)s4)c3c2)CC1,1
CN(C)CCOc1cccc(Nc2ncc3c(n2)-c2ccc(Cl)cc2NC(=O)C3)c1,1
Cn1c(-c2ccnc(Nc3ccc(Cl)cc3)n2)nc2ccccc21,0
COC(=O)c1sccc1Nc1nc(Nc2ccc(CN3CCN(C)CC3)c(C(F)(F)F)c2)ncc1[N+](=O)[O-],0
COC(=O)c1sccc1Nc1nc(Nc2ccc(N3CCC(N4CCCC4)CC3)cc2OC)ncc1C(F)(F)F,1
O=C1NC(=O)C(=Cc2cn(CCN3CCOCC3)nc2-c2ccccc2)C(=O)N1,0
Cc1nc(-c2ccccc2)n2nc(NCCCN3CCOCC3)ncc12,0
Cc1nc(-c2ccccc2)n2nc(Nc3cccc(C(F)(F)F)c3)ncc12,0
COc1ccc(Nc2nccc(-c3nc4ccccc4n3C)n2)cc1O,0
COC(=O)c1cc2c(C)n[nH]c2s1,0
CC[C@@H]1C(=O)N(C)c2cnc(Nc3ccc(C(=O)NC4CCN(C)CC4)cc3OC)nc2N1C(C)C,1
Cc1ccccc1C(=O)O/N=C/C1=CC(=O)C(C(C)C)=CC1=O,0
CN(C)CCCc1ccc(C(F)(F)F)c(Nc2ncc3c(n2)-c2ccc(Cl)cc2NC(=S)C3)c1,1
Cc1ccc(CCCN(C)C)cc1Nc1ncc2c(n1)-c1ccc(Cl)cc1NC(=S)C2,1
NC(=O)c1ccc(Nc2ncc3c(n2)-c2ccc(Cl)cc2NC(=O)C3)cc1,1
O=C1Cc2cnc(Nc3ccc(C(=O)O)cc3)nc2-c2ccc(Cl)cc2N1,1
CN1CCN(c2ccc(OC(F)(F)F)c(Nc3nccc(-c4cc5c(n4CC(F)(F)F)CCNC5=O)n3)c2)CC1,1
NC(=O)c1sc(-n2cnc3ccccc32)cc1OCc1ccccc1Cl,1
NC(=O)c1sc(-n2cnc3ccccc32)cc1OCc1ccccc1C(F)(F)F,1
COc1cc2ncn(-c3cc(OCC4CCCCC4)c(C(N)=O)s3)c2cc1OC,1
CNc1nc2c(nc(-c3ccccc3)n2C)c2c1ncn2C,0
COC(=O)c1ccccc1Nc1nc(Nc2ccc(N3CCC(N(C)C)CC3)cc2OC)ncc1[N+](=O)[O-],1
COC(=O)c1sccc1Nc1nc(Nc2ccc(N3CCC(N(C)C)CC3)cc2OC)ncc1C#N,1
COc1ccc(-c2noc3cnc(N[C@@H](C)c4ccccc4)cc23)cc1OC,0
C[C@H](Nc1cc2c(-c3cc(Cl)cc(CCC(N)=O)c3)noc2cn1)c1ccccc1,1
CC[C@@H]1C(=O)N(C)c2cnc(Nc3ccc(C(=O)NC4CCN(C)CC4)cc3OC)nc2N1C1CCCC1,1
CC[C@@]1(F)CN(C2CCCC2)c2nc(Nc3ccc(C(=O)NC4CCN(C)CC4)cc3OC)ncc2N(C)C1=O,1
COc1cc(C(=O)NC2CCN(C)CC2)ccc1Nc1ncc2c(n1)N(C1CCCC1)CC(F)(F)C(=O)N2C,1
C[C@@H](Oc1cc(-n2cnc3ccc(O[C@H]4CCCN(C)CC4)cc32)sc1C(N)=O)c1ccccc1Cl,1
NC(=O)c1sc(-c2cnn3ccccc23)cc1OCc1ccccc1C(F)(F)F,1
O=c1c2cc(F)ccc2n2c(=S)[nH]nc2n1CCc1ccccn1,1
O=C(Cc1ccc(O)cc1)NCCCn1c(=O)c2cc(F)ccc2n2c(=S)[nH]nc12,0
O=C(Cc1cccc(C(F)(F)F)c1)NCCCn1c(=O)c2cc(F)ccc2n2c(=S)[nH]nc12,0
CC(C)(C)OC(=O)Nc1ccc(CC(=O)NCCCn2c(=O)c3cc(F)ccc3n3c(=S)[nH]nc23)cc1,0
C=CCn1c(=O)c2ccccc2n2c(S)nnc12,0
CN(C)CCn1c(=O)c2cc(F)ccc2n2c(=S)[nH]nc12,0
CCC1C(=O)N(C)c2cnc(-c3cn[nH]c3-c3nccs3)nc2N1c1cnn(C)c1,0
CN1CCN(CCCNc2ccc(OC(F)(F)F)c(Nc3ncc4c(n3)-c3c(c(C(N)=O)nn3C)CC4)c2)CC1,1
CNc1nc(C)c(-c2ccnc(Nc3ccc(O)cc3)n2)s1,0
CCn1c(-c2nonc2N)nc2cnc(Oc3cccc(NC(=O)c4ccc(OCCN5CCOCC5)cc4)c3)cc21,0
CN1CCN(c2ccc(OC(F)(F)F)c(Nc3nccc(-c4cc(C(N)=O)cn4CC(F)(F)F)n3)c2)CC1,1
O=C1Cc2cnc(Nc3ccc(I)cc3)nc2-c2ccc(Cl)cc2N1,1
CC(Oc1cc(-n2cnc3ccc(OC4CCN(C)CC4)cc32)sc1C(N)=O)c1ccccc1C(F)(F)F,1
CN1CCC(Oc2ccc3ncn(-c4cc(OCc5ccccc5)c(C(N)=O)s4)c3c2)CC1,1
CCc1cccc(CC)c1NC(=O)c1nn(C)c2c1CCc1cnc(Nc3ccc(C(=O)N4CCC[C@@H]4CN4CCCC4)cc3OC(F)(F)F)nc1-2,0
CCc1cccc(CC)c1NC(=O)c1nn(C)c2c1CCc1cnc(Nc3ccc(C(N)=O)cc3OC)nc1-2,0
NC(=O)c1sc(-n2cnc3ccccc32)cc1OCc1ccccc1Br,1
COc1cc2ncn(-c3cc(OCc4cccc(C#N)c4)c(C(N)=O)s3)c2cc1OC,1
C[C@H](Nc1cc2c(C3CCCN(CCC(N)=O)C3)noc2cn1)c1ccccc1,0
C[C@H](Nc1cc2c(-c3cccs3)noc2cn1)c1ccccc1,0
CC[C@@H]1c2nnc(C)n2-c2cnc(Nc3ccc(C(=O)NC4CCN(C)CC4)cc3OC)nc2N1Cc1ccc(Br)cc1,1
O=C(NO)c1ccc(-c2ccc3ncnc(Nc4ccc(OCc5cccc(F)c5)c(Cl)c4)c3c2)o1,0
CCOc1ccc(Nc2nccc(-c3nc4ccccc4n3C)n2)cc1,0
Cn1nc(C(N)=O)c2c1-c1nc(Nc3cc(NC4CCNC4)ccc3OC(F)(F)F)ncc1CC2,1
Cn1nc(C(N)=O)c2c1-c1nc(Nc3ccccc3OC(F)(F)F)ncc1CC2,1
CN1CCC(Nc2ccc(OC(F)(F)F)c(Nc3ncc4c(n3)-c3c(c(C(N)=O)nn3C)CC4)c2)CC1,1
Cn1nc(C(N)=O)c2c1-c1nc(Nc3cc([N+]4([O-])CC[N+](C)([O-])CC4)ccc3OC(F)(F)F)ncc1CC2,0
Cn1c(=O)c(Sc2ccc(F)cc2)cc2cnc(Nc3ccc4[nH]ccc4c3)nc21,0
C[C@@H](Oc1cc(-n2cnc3ccc(OC4CCN(C)CC4)cc32)sc1C(N)=O)c1ccccc1C(F)(F)F,1
Cc1ccc(NC(=O)c2ccnc(N3CCCC3)c2)cc1-c1ccc2c(C3CCNCC3)noc2c1,0
COc1cc2c(cc1Cl)C(c1ccc(Cl)c(Cl)c1)=NCC2,0
O=C(/C=C/c1ccccc1)NNC(=O)c1ccc2c(c1)OCCO2,1
C[C@@H](Oc1cc(-c2cnc3ccccn23)sc1C(N)=O)c1ccccc1CO,1
COc1cc(-c2ccc3c(c2)Nc2ccc(C(C)(C)C(=O)Nc4ccc(N5CCOCC5)cc4)cc2NC3=O)ccc1N,0
CN1CCC(n2nc(C(N)=O)c3c2-c2nc(Nc4ccccc4)ncc2CC3)CC1,0
O=C1NC(=O)C(=Cc2cn(-c3ccccc3)nc2-c2ccccc2)C(=O)N1,0
O=C(O)c1ccc(Nc2ncc3c(n2)-c2ccc(Cl)cc2C(c2c(F)cccc2F)=NC3)cc1,0
O=C(/C=C/c1ccc(F)cc1)NNC(=O)c1ccc2c(c1)OCCO2,1
COc1ccc(/C=C/C(=O)NNC(=O)c2ccc3c(c2)OCCO3)cc1,1
NC(=O)c1sc(-c2cnc3ccccn23)cc1OCc1ccccc1Cl,1
C[C@@H](Oc1cc(-c2cnc3ccccn23)sc1C(N)=O)c1ccc(CNC(C)(C)C)cc1Cl,1
C[C@@H](Oc1cc(-c2cnc3ccccn23)sc1C(N)=O)c1ccc(CN2CCC(O)CC2)cc1Cl,1
C=C[C@]1(F)CN(C2CCCC2)c2nc(Nc3ccc(C(=O)NC4CCN(C)CC4)cc3OC)ncc2N(C)C1=O,1
Cc1ccc(O)cc1CC[C@@H]1[C@@H](O)CC[C@]2(C)[C@@H]([C@H](C)/C=C/CC(C)C)CC[C@@H]12,0
CC[C@@H]1C(=O)Nc2cnc(Nc3ccc(C(=O)NC4CCN(C)CC4)cc3OC)nc2N1C(C)C,0
CC[C@@H]1C(=O)N(C)c2cnc(Nc3ccc(C(=O)NC4CCN(C)CC4)cc3OC)nc2N1C1CCCCC1,1
COc1cc(C(=O)NC2CCN(C)CC2)ccc1Nc1ncc2c(n1)N(C1CCOCC1)[C@H](CC(C)C)C(=O)N2C,1
COc1cc(C(=O)N2CCCCC2)ccc1Nc1ncc2c(n1)N(C1CCCC1)[C@H](C)C(=O)N2C,1
C[C@H]1C(=O)N(C)c2cnc(Nc3ccc(C(=O)NC4CCN(C)CC4)cc3OC3CCCC3)nc2N1C1CCCC1,1
COc1ccc(COc2cc(-n3cnc4cc(OC)c(OC)cc43)sc2C(N)=O)cc1,1
CC[C@@H]1C(=O)N(C)c2cnc(Nc3cc(F)c(C(=O)NC)cc3OCCO)nc2N1C1CCCC1,1
CC[C@@H]1C(=O)N(C)c2cnc(Nc3cc(F)c(C(=O)NC4CCOCC4)cc3OCCO)nc2N1C(C)C,1
CC[C@@H]1C(=O)N(C)c2cnc(Nc3ccc(C(=O)NC4CCN(C)CC4)cc3OC)nc2N1C1CCCC1,1
COc1cc2ncn(-c3cc(OCc4ccccc4C(C)=O)c(C(N)=O)s3)c2cc1OC,1
COC(=O)c1sc(-n2cnc3cc(OC)c(OC)cc32)cc1OCc1ccccc1C(F)(F)F,0
COc1cc2ncn(-c3cc(OCc4ccccc4C(F)(F)F)c(C(C)=O)s3)c2cc1OC,1
NC(=O)c1nn(-c2ccccc2)c2c1CCc1cnc(Nc3ccccc3)nc1-2,0
COc1cc2ncn(-c3cc(OCc4ccccc4OC(F)(F)F)c(C(N)=O)s3)c2cc1OC,1
COc1ccc(Nc2ncc3c(C)nc(-c4ccccc4)n3n2)cc1OC,1
COc1ccc(-n2nc(C)c3cnc(N[C@@H](C)c4ccccc4)cc32)cc1,1
COCCCn1c(=O)c2ccccc2n2c(S)nnc12,0
CS(=O)(=O)NCCn1c(=O)c2cc(F)ccc2n2c(=S)[nH]nc12,0
CCN(CC)S(=O)(=O)c1ccc(Nc2ncc3c(n2)-c2ccc(Cl)cc2NC(=O)C3)cc1,1
COc1cc(Nc2ncc3c(n2)-c2ccc(Cl)cc2NC(=O)C3)cc(OC)c1,1
COc1ccc(Nc2ncc3c(n2)-c2ccc(Cl)cc2NC(=O)C3)cc1,1
CCc1ccc2c(c1)NC(=O)Cc1cnc(Nc3ccc(OC)c(OC)c3)nc1-2,1
Cc1nn(-c2ccccc2)c2cc(N[C@@H](C)c3ccccc3)ncc12,0
Cc1ccccc1-n1nc(C)c2cnc(N[C@@H](C)c3ccccc3)cc21,0
COc1cccc(-n2nc(C)c3cnc(N[C@@H](C)c4ccccc4)cc32)c1,0
Cc1nn(-c2cccc(F)c2)c2cc(N[C@@H](C)c3ccccc3)ncc12,1
Cc1nn(-c2cc(Cl)cc(CCC(=O)NCCO)c2)c2cc(N[C@@H](C)c3ccccc3)ncc12,1
CC(C)CCn1c(=O)c2ccccc2n2c(S)nnc12,0
O=c1c2ncccc2n2c(=S)[nH]nc2n1CCc1ccccc1,0
Cc1ccc2c(c1)c(=O)n(CCC(=O)NC(C)C)c1n[nH]c(=S)n21,0
CCCn1c(=O)c2ccc(C(=O)NC(C)C)cc2n2c(=S)[nH]nc12,0
CC(C)CCn1c(=O)c2ccc(C(=O)NC3CCCC3)cc2n2c(=S)[nH]nc12,0
CC[C@@H]1c2nnc(C)n2-c2cnc(Nc3ccc(C(=O)NN4CCN(C)CC4)cc3OC)nc2N1Cc1ccccc1,1
C[C@@H](Oc1cc(-n2cnc3ccc(O[C@@H]4CCCN(C)CC4)cc32)sc1C(N)=O)c1ccccc1Cl,1
C[C@@H](Oc1cc(-n2cnc3ccc(CN4CCN(C)CC4)cc32)sc1C(N)=O)c1ccccc1C(F)(F)F,1
Nc1nccc(-c2cc3c([nH]2)[C@@H](CCF)CNC3=O)n1,1
CN1CCN(c2ccc(OC(F)(F)F)c(Nc3ncc4c(n3)-c3c(c(C(N)=O)nn3CCN)CC4)c2)CC1,1
CO[C@@H](C(=O)N1Cc2[nH]nc(NC(=O)c3ccc(N4CCN(C)CC4)cc3)c2C1)c1ccccc1,0
Cn1nc(C(N)=O)c2c1-c1nc(Nc3cc(N)ccc3OC(F)(F)F)ncc1CC2,1
CCc1cccc(CC)c1NC(=O)c1nn(C)c2c1CCc1cnc(Nc3ccccc3OC)nc1-2,0
CCc1cccc(CC)c1NC(=O)c1nn(C)c2c1CCc1cnc(Nc3ccc(C(=O)N4CCC[C@@H]4CN4CCCC4)cc3OC)nc1-2,0
CN(C)CCCN1CCC(c2ccc(OC(F)(F)F)c(Nc3ncc4c(n3)-c3c(c(C(N)=O)nn3C)CC4)c2)CC1,1
CN1CCCC1CCNc1ccc(OC(F)(F)F)c(Nc2ncc3c(n2)-c2c(c(C(N)=O)nn2C)CC3)c1,1
CN1CCN(c2ccc(OC(F)(F)F)c(Nc3ncc4c(n3)-c3c(c(C(N)=O)nn3C)CC4)c2)[C@@H](CO)C1,1
CNC(=O)c1cc(-c2cccc(OC)c2)n[nH]1,0
CNC(=O)CSc1ncnc2sc(C)cc12,0
CNC(=O)c1ccc(-c2noc(C)n2)cc1,0
CCc1ccc(C(=O)NC)cc1,0
O=C1Cc2cnc(Nc3ccccc3)nc2-c2ccccc2N1,0
Nc1ccccc1NC(=O)/C=C/c1cccc(-c2ccc3ncnc(Nc4ccc(OCc5cccc(F)c5)c(Cl)c4)c3c2)c1,0
CN1CCN(c2ccc(OC(F)(F)F)c(Nc3ncc4c(n3)-c3c(c(C(N)=O)nn3C)CC4)c2)CC1,1
C=Cn1nc(C(N)=O)c2c1-c1nc(Nc3cc(N4CCN(C)CC4)ccc3OC(F)(F)F)ncc1CC2,1
COc1cc2ncn(-c3cc(OCC4CCCO4)c(C(N)=O)s3)c2cc1OC,1
CN1CCN(c2ccc(OC(F)(F)F)c(Nc3ncc4c(n3)-c3c(c(C(N)=O)nn3CCOC3CCOCC3)CC4)c2)CC1,1
COC(=O)c1sccc1Nc1nc(Nc2ccc(N3CCC(N4CCN(C)CC4)CC3)cc2OC)ncc1[N+](=O)[O-],1
COC(=O)c1ccsc1Nc1nc(Nc2cc3c(cc2OC)CCN3C(=O)CN(C)C)ncc1[N+](=O)[O-],1
Nc1nc(N)c2c(n1)NCCC(c1ccccc1)=N2,0
Cc1nn(-c2ccccc2F)c2cc(N[C@@H](C)c3ccccc3)ncc12,0
CCc1cccc(CC)c1NC(=O)c1nn(C)c2c1CCc1cnc(Nc3ccccc3OC(F)(F)F)nc1-2,0
CCc1cccc(CC)c1NC(=O)c1nn(C)c2c1CCc1cnc(Nc3ccc(C(=O)N4CCC[C@H]4CN4CCCC4)cc3OC)nc1-2,0
COc1ccc2c(c1)NC(=O)Cc1cnc(Nc3ccc(OC)c(O)c3)nc1-2,1
O=C1Cc2cnc(Nc3cccc(O)c3)nc2-c2cnccc2N1,0
COc1ccc(C(=O)NCc2cccc(C(=O)Nc3ccc4c(c3)CNCC4)c2)cc1OC,0
COc1cc2ncn(-c3cc(OCc4ccccc4C(F)(F)F)c(-c4nnn[nH]4)s3)c2cc1OC,1
NC(=O)c1sc(-n2cnc3ccccc32)cc1OCc1ccccc1F,1
C[C@H](Nc1cc2c(Cc3ccccc3)noc2cn1)c1ccccc1,0
COc1ccc2ncn(-c3cc(O[C@H](C)c4ccccc4Cl)c(C(N)=O)s3)c2c1,1
C[C@@H](Oc1cc(-n2cnc3ccc(OCC4CCN(C)CC4)cc32)sc1C(N)=O)c1ccccc1Cl,1
C[C@@H](Oc1cc(-n2cnc3ccc(OC[C@@H](O)CO)cc32)sc1C(N)=O)c1ccccc1Cl,1
CN[C@@H]1C[C@H]2O[C@@](C)([C@@H]1OC)n1c3ccccc3c3c4c(c5c6ccccc6n2c5c31)C(=O)NC4,0
CC[C@@H]1C(=O)N(C)c2cnc(Nc3ccc(C(=O)NC4CCCC4)cc3CCO)nc2N1C1CCCC1,1
CC[C@@H]1C(=O)N(C)c2cnc(Nc3ccc(C(N)=O)cc3OCCO)nc2N1C1CCCC1,1
CC[C@@H]1C(=O)N(C)c2cnc(Nc3cc(F)c(C(=O)NC4CCN(C)CC4)cc3OCCO)nc2N1C1CCCC1,1
Cn1nc(C(N)=O)c2c1-c1nc(Nc3ccccc3Cc3ccccc3)ncc1CC2,1
Cn1nc(C(N)=O)c2c1-c1nc(Nc3ccccc3C(N)=O)ncc1CC2,0
Cn1nc(C(N)=O)c2c1-c1nc(Nc3cc(N4CCC(N5CCCC5)CC4)ccc3OC(F)(F)F)ncc1CC2,1
Cn1nc(C(N)=O)c2c1-c1nc(Nc3cc(N4CC[N+](C)([O-])CC4)ccc3OC(F)(F)F)ncc1CC2,1
Cn1nc(C(N)=O)c2c1-c1nc(Nc3cc(N4CCN(C(=O)OC(C)(C)C)CC4)ccc3OC(F)(F)F)ncc1CC2,1
COc1ccc(Cn2nc(C(N)=O)c3c2-c2nc(Nc4cc(N5CCNCC5)ccc4OC(F)(F)F)ncc2CC3)cc1,0
CN1CCN(c2ccc(OC(F)(F)F)c(Nc3ncc4c(n3)-c3c(c(C(N)=O)nn3C(c3ccccc3)(c3ccccc3)c3ccccc3)CC4)c2)CC1,0
COc1ccc2cc(-c3n[nH]c4cccnc34)[nH]c2c1,0
COc1ccccc1Nc1ncc2c(n1)-c1c(c(C(N)=O)nn1C)CC2,1
Cc1nn(-c2cc(Cl)cc(Cl)c2)c2cc(N[C@@H](C)c3ccccc3)ncc12,1
Nc1ncc(-c2cccc(S(N)(=O)=O)c2)c2occ(-c3ccc(NC(=O)Nc4cc(C(F)(F)F)ccc4F)cc3)c12,0
CN1CCN(c2ccc(/C=C/c3n[nH]c4cc(/C=C5/C(=O)Nc6ccccc65)ccc34)cn2)CC1,0
Cc1ccc(NC(=O)c2ccc(CN3CCN(C)CC3)cc2)cc1-c1ccc(-c2csc(N)n2)cc1,0
Cc1n[nH]c2sc(C(N)=O)c(NC(=O)Nc3ccccc3)c12,0
Cc1n[nH]c2sc(C(=O)NC3CCCCC3)cc12,0
COC(=O)c1cc2c(Nc3ccccc3)[nH]nc2s1,0
Cc1ccc(C(=O)NC2CC2)cc1-c1ccc2c(C3CCNCC3)noc2c1,0
COC(=O)c1ccc2c(c1)NC(=O)/C2=C(\Nc1ccc(CN(C)C(=O)N(C)C)cc1)c1ccccc1,0
Nc1ncnc2c1N=C(c1cccc(Cl)c1)CCN2,0
C[C@@H](Oc1cc(-n2cnc3ccc(OC4CCNCC4)cc32)sc1C(N)=O)c1ccccc1C(F)(F)F,1
Cc1ccc(NC(=O)c2ccc(CN3CCN(C)CC3)cc2)cc1-c1ccc2c(N)noc2c1,0
CC(Oc1cc(-n2cnc3ccc(OC4CCN(C)CC4)cc32)sc1C(N)=O)c1ccccc1,1
Nc1nc2c3c(F)cccc3nc(Cc3ccc4c(c3)OCO4)n2n1,0
NC(=O)c1sc(-c2cnc(Nc3ccccc3)s2)cc1OCc1ccccc1C(F)(F)F,0
CC(Oc1cc(-c2cnc3cc(CO)ccn23)sc1C(N)=O)c1ccccc1Cl,1
CCOC(=O)c1nn(C)c2c1CCc1cnc(Nc3ccccc3)nc1-2,0
Cc1ccc(O)cc1CC[C@@H]1C(=O)CC[C@]2(C)[C@@H]([C@H](C)/C=C/CC(C)C)CC[C@@H]12,0
Cc1ccc(O)cc1CC[C@@H]1C(=O)CC[C@]2(C)[C@@H]([C@H](C)CCCC(C)C)[C@@H](O)C[C@@H]12,0
C=C(CC[C@@H](C)[C@H]1CC[C@H]2[C@H](CCc3cc(O)ccc3C)[C@H](O)CC[C@]12C)C(C)C,0
Cc1cc(O)cc2oc3cc(O)cc(O)c3c(=O)c12,0
CC(=O)c1cccc(Nc2ncc3c(n2)-c2c(c(C(N)=O)nn2C)CC3)c1,1
CN1CC=C(c2ccc(OC(F)(F)F)c(Nc3ncc4c(n3)-c3c(c(C(N)=O)nn3C)CC4)c2)CC1,1
Cn1nc(C(N)=O)c2c1-c1nc(Nc3cc(NC(=O)[C@@H]4CCCN4)ccc3OC(F)(F)F)ncc1CC2,1
CN1CCC(C(=O)Nc2ccc(OC(F)(F)F)c(Nc3ncc4c(n3)-c3c(c(C(N)=O)nn3C)CC4)c2)CC1,1
Cc1nnc(-c2ccc(-c3cc(C(=O)Nc4cccc(N5CCOCC5)c4)ccc3C)c(C)c2)o1,0
Cc1nn(-c2cc(Cl)cc(CCCN)c2)c2cc(N[C@@H](C)c3ccccc3)ncc12,1
COc1cc2ncn(-c3cc(OCc4ccc(S(C)(=O)=O)cc4)c(C#N)s3)c2cc1OC,1
CC[C@@H]1C(=O)N(C)c2cnc(-n3ccnc3-c3ccc(F)cc3)nc2N1[C@H]1CCOC1,0
CCC1C(=O)N(C)c2cnc(-c3cn[nH]c3-c3ccccn3)nc2N1c1cnn(C)c1,0
CCN1CCN(c2ccc(Nc3cc(N(C)C(=O)Nc4c(Cl)c(OC)cc(OC)c4Cl)ncn3)cc2)CC1.O=P(O)(O)O,0
CN1CCN(CC(O)Cn2cc(C(=O)O)c3ccccc32)CC1,0
O=C(O)CCc1cn(CC(O)CN2CCCC2)c2ccccc12,0
Cc1ccc(C(=O)NC2CC2)cc1-c1ccc2ccncc2c1,0
COc1ccc(N2CCN(C)CC2)cc1Nc1ncc2c(n1)-c1c(c(C(N)=O)nn1C)CC2,1
Nc1ccccc1NC(=O)c1ccc(COc2ccc3ncnc(Nc4cccc(Br)c4)c3c2)cc1,0
NC(=O)c1sc(-n2cnc3ccccc32)cc1OCc1ccc(Cl)cc1,1
Cc1nc(-c2ccccc2)n2nc(N)ncc12,0
Cc1nc(-c2ccccc2)n2nc(Nc3ccccc3)ncc12,0
CCOc1ccn(-c2ccc(F)cc2)c(=O)c1C(=O)Nc1ccc(Oc2ccnc(N)c2Cl)c(F)c1,0
CC(C)n1c2c(c3c1-c1ccccc1C3=O)C(=O)CCC2,0
O=C1Cc2cnc(Nc3ccccc3O)nc2-c2ccccc2N1,0
NC(=O)c1sc2c([N+](=O)[O-])cc(SC(F)(F)F)cc2[n+]1[O-],1
COc1ccc(COc2ccc(Cc3cnc(N)nc3N)cc2OC)cc1,0
C[C@@H](Oc1cc(-n2cnc3cc(-c4ccncc4)ccc32)sc1C(N)=O)c1ccccc1C(F)(F)F,1
C[C@@H](Oc1cc(-n2cnc3cc(-c4ccnc(N5CCN(C)CC5)c4)ccc32)sc1C(N)=O)c1ccccc1C(F)(F)F,1
C[C@@H](Oc1cc(-n2cnc3cc(-c4ccnc(NCCN(C)C)c4)ccc32)sc1C(N)=O)c1ccccc1C(F)(F)F,1
CN1CCN(c2ccc(OC(F)(F)F)c(Nc3nccc(-c4cc(C(N)=O)cn4CCOC4CCCCO4)n3)c2)CC1,1
CC[C@@H]1C(=O)N(C)c2cnc(Nc3ccc(C(=O)NC4CCN(C)CC4)cc3OC)nc2N1C1CCCC1,1
COC(=O)c1cc2c(CN3CCCCC3)n[nH]c2s1,0
CNC(=O)c1sc(C(F)(F)F)c(-c2ccccc2)c1N,0
CNC(=O)c1cccc2ccccc12,0
CCc1cccc(CC)c1NC(=O)c1nn(C)c2c1CCc1cnc(Nc3ccc(C(=O)NC4CCN(C)CC4)cc3OC)nc1-2,1
CC(=O)Nc1cccc(-c2n[nH]c3cc(-c4cnn(C)c4)c(NC4CCCCC4)cc23)c1,0
CNC(=O)c1ccc(NC)cc1,0
C[C@@H](Oc1cc(-c2cnc3ccccn23)sc1C(N)=O)c1ccc(CN2CCNC(=O)C2)cc1Cl,1
C[C@@H](Oc1cc(-c2cnc3ccccn23)sc1C(N)=O)c1ccc(CNC(C)(C)C)cc1C1CC1,1
COc1cc(C(=O)NC2CCN(C)CC2)c(Cl)cc1Nc1ncc2c(n1)N(C1CCCC1)CC(F)(F)C(=O)N2C,1
C=C[C@@]1(F)CN(C2CCCC2)c2nc(Nc3ccc(C(=O)NN4CCN(C)CC4)cc3OC)ncc2N(C)C1=O,1
CC(C)c1ccccc1Nc1ncc2c(n1)-c1c(c(C(N)=O)nn1C)CC2,1
COC[C@H]1OC(=O)c2coc3c2[C@@]1(C)C1=C(C3=O)[C@@H]2CCC(=O)[C@@]2(C)C[C@H]1OC(C)=O,1
Cc1nc(-c2ccccc2)n2nc(NCCc3ccncc3)ncc12,0
COc1ccc(Nc2ncc3c(C)nc(-c4ccccc4)n3n2)cc1,1
Cc1nc(-c2ccccc2)n2nc(Nc3ccc(S(N)(=O)=O)cc3)ncc12,0
C[C@@H](Oc1cc(-n2cnc3ccc(OC[C@H](O)CN4CCCC4)cc32)sc1C(N)=O)c1ccccc1Cl,1
C[C@@H](Oc1cc(-n2cnc3ccc(-c4cccnc4)cc32)sc1C(N)=O)c1ccccc1C(F)(F)F,1
C[C@@H](Oc1cc(-n2cnc3cc(-c4cnn(CCN5CCOCC5)c4)ccc32)sc1C(N)=O)c1ccccc1Cl,1
CN[C@@H]1C[C@H]2O[C@@](C)([C@@H]1OC)n1c3ccccc3c3c4c(c5c6ccccc6n2c5c31)C(=O)NC4,0
CN(C)CCCNC(=O)c1csc2nc(-c3ccc(NC(=O)Nc4cc(C(C)(C)C)on4)cc3)cn12,0
COC(=O)c1ccc2c(c1)NC(=O)/C2=C(\Nc1ccc(N(C)C(=O)CN2CCN(C)CC2)cc1)c1ccccc1,0
Cc1nnc(-c2ccc(-c3cc(NC(=O)c4ccc(CN5CCN(C)CC5)cc4)ccc3C)c(C)c2)o1,0
COc1cc2ncn(-c3cc(OCc4ccccc4C(F)(F)F)c(C(=O)N(C)C)s3)c2cc1OC,0
Cc1ccc(C(=O)NC2CC2)cc1-c1ccc2c(=O)n(CC3CC3)nnc2c1,0
Cn1c(-c2ccnc(Nc3ccc(N4CCOCC4)cc3)n2)nc2ccccc21,0
CCc1cccc(CC)c1NC(=O)c1nn(C)c2c1CCc1cnc(Nc3ccc(C(=O)N4CCC(N(C)C)CC4)cc3OC(F)(F)F)nc1-2,0
CC1CCCCC1c1noc2cnc(N[C@@H](C)c3ccccc3)cc12,0
CN1C(=O)[C@@H](N2CCc3c(nn(Cc4ccccc4)c3Br)C2=O)COc2ccccc21,0
COc1ccc(Nc2ncc3c(n2)-c2ncccc2NC(=O)C3)cc1,0
Cn1nc(C(=O)NCCc2ccccc2)c2c1-c1nc(Nc3ccccc3)ncc1CC2,0
Cc1nc(-c2ccccc2)n2nc(NC3CCCCC3)ncc12,0
CCc1cccc(CC)c1NC(=O)c1nn(C)c2c1CCc1cnc(Nc3ccc(C(=O)NCCN(C)C)cc3OC(F)(F)F)nc1-2,0
NC(=O)c1sc2c([n+]1[O-])C(SC[C@H](N)C(=O)O)C(C(F)(F)F)=CC2[N+](=O)[O-],0
CN(C)c1ccc(C(=O)Nc2cccc(NC(=O)COc3ccc4c(=O)ccoc4c3)c2)cc1,0
C=C(CC[C@@H](C)[C@H]1CC[C@H]2[C@H](CCc3cc(O)ccc3C)C(=O)CC[C@]12C)C(C)C,0
Nc1ccccc1NC(=O)c1ccc(-c2ccc3ncnc(Nc4ccc(OCc5cccc(F)c5)c(Cl)c4)c3c2)s1,0
CN[C@@H]1C[C@H]2O[C@@](C)([C@@H]1OC)n1c3ccccc3c3c4c(c5c6ccccc6n2c5c31)C(=O)NC4,1
Cc1c(O)c(O)c(O)c2c1COC2=O,0
COCc1c(C)c(O)c(O)c(O)c1C=O,0
CN1CCN(C[C@@H](NC(=O)C[C@H]2CNC(=O)c3cc(-c4cccc(Cl)c4)cn32)C2CCCCC2)CC1,0
CC(C)(C(=O)NCCn1ccc2ncnc(Nc3ccc(Oc4cccc(Cl)c4)c(Cl)c3)c21)S(C)(=O)=O.Cc1ccc(S(=O)(=O)O)cc1,0
CN1CCN(c2ccc(OC(F)(F)F)c(Nc3ncc4c(n3)-c3c(c(C(N)=O)nn3CCO)CC4)c2)CC1,1
CNC(=O)c1nn(C)c2c1CCc1cnc(Nc3cc(N4CCN(C)CC4)ccc3OC)nc1-2,1
CCC1C(=O)N(C)c2cnc(-n3ccnc3-c3ccccc3)nc2N1c1ccccc1,0
Cc1ccccc1Nc1ncc2c(n1)-c1c(c(C(N)=O)nn1C)CC2,1
O=C1Cc2cnc3cc(-c4ccccc4)nn3c2-c2ccccc2N1,0
O=C1Cc2cc3c(=O)[nH]c(=O)[nH]c3nc2-c2cnccc2N1,0
O=C1Nc2ccccc2/C1=C\c1ccc2c(/C=C/c3ccccn3)n[nH]c2c1,0
O=C1Nc2ccc(Cl)cc2/C1=C\c1ccc2cn[nH]c2c1,0
O=C1Nc2ccccc2/C1=C/c1ccccc1O,0
COc1cc(/C=C2\C(=O)Nc3ccc(Br)cc32)cc(Cl)c1O,0
CN1CCC(NC(=O)c2ccc(Nc3ncc4c(n3)N(C3CCCC3)CC(F)(F)C(=O)N4C)cc2)CC1,1
CC[C@@H]1c2c(C#N)ncn2-c2cnc(Nc3ccc(C(=O)NC4CCN(C)CC4)cc3OC)nc2N1C1CCCC1,1
CC[C@@H]1c2c(C#N)ncn2-c2cnc(Nc3cc(F)c(C(=O)NC4CCN(C)CC4)cc3OC)nc2N1C1CCCCC1,1
CCOC(=O)c1ncn2c1[C@@H](CC)N(C1CCCC1)c1nc(Nc3ccc(C(=O)NC4CCN(C)CC4)cc3OC)ncc1-2,1
CC[C@@H]1C(=O)N(C)c2cnc(Nc3ccc(C(=O)NC4CCN(C)CC4)cc3OC)nc2N1C1CCCC1,1
COc1cc(C(=O)NC2CCN(C)CC2)cc(F)c1Nc1ncc2c(n1)N(C1CCCC1)CC(F)(F)C(=O)N2C,1
O=C(NCCO)C1=Cc2c(ncnc2Nc2ccc(Oc3cccc4sccc34)c(Cl)c2)NCC1,0
CNc1nc2sc(-c3cccc(CNC(C)=O)c3)nc2c2c1ncn2C,0
C[C@@H](Oc1cc(-n2cnc3ccc(OCCCN(C)C)cc32)sc1C(N)=O)c1ccccc1Cl,1
C[C@@H](Oc1cc(-n2cnc3ccc(OC4CCN(C)CC4)cc32)sc1C(N)=O)c1ccccc1Cl,1
CN(C)CCCc1ccc(Cl)c(Nc2ncc3c(n2)-c2ccc(Cl)cc2NC(=S)C3)c1,1
O=C(CCNC(=O)c1ccc(CO)cc1)N[C@@H](Cc1cnnn1CCCCCCCCc1ccccc1)C(=O)NCc1cnnn1CCP(=O)(O)O,0
COc1cc2nc(C)oc2c(C[C@]2(C)[C@@H](C)CC[C@@]3(C)C(C)=CCC[C@@H]23)c1O,0
NS(=O)(=O)c1cc(Br)c(NC(=S)NC(=O)c2ccccc2)c(Br)c1,0
COc1ccc(Nc2nccc(-c3nc4ccccc4n3C)n2)cc1,0
O=c1cc(N2CCOCC2)oc2c(-c3ccccc3)cccc12,0
CN[C@@H]1C[C@H]2O[C@@](C)([C@@H]1OC)n1c3ccccc3c3c4c(c5c6ccccc6n2c5c31)C(=O)NC4,1
N#Cc1ccccc1CC(=O)NCCCn1c(=O)c2cc(F)ccc2n2c(=S)[nH]nc12,0
O=C(Cc1ccccn1)NCCCn1c(=O)c2cc(F)ccc2n2c(=S)[nH]nc12,0
CC(C)N1c2nc(-n3ccnc3-c3ccc(F)cc3)ncc2N(C)C(=O)C1(C)C,0
COc1ccc2c(c1)/C(=C\c1ccc3c(/C=C/c4ccc(CN(C)C)cc4)n[nH]c3c1)C(=O)N2,0
Cc1cc(Nc2ncc3c(n2)N(C2CCCC2)CC(F)(F)C(=O)N3C)ccc1C(=O)NC1CCN(C)CC1,1
CC[C@]1(F)CN(C2CCCC2)c2nc(Nc3ccc(C(=O)NC4CCN(C)CC4)cc3OC)ncc2N(C)C1=O,1
Cn1c(=O)c2ccc(-c3nc4ccccc4n3C)nc2n(C)c1=O,0
Cc1ccc(Nc2nccc(-c3nc4ccccc4n3C)n2)cc1,0
Cn1c(-c2ccnc(Nc3ccccc3)n2)nc2ccccc21,0
NC(=O)c1sc2c([N+](=O)[O-])cc(C(F)(F)F)cc2[n+]1[O-],1
Cn1nc(C(N)=O)c2c1-c1nc(Nc3ccc([N+](=O)[O-])cc3)ncc1CC2,0
CCn1c(=O)c2cc(F)ccc2n2c(=S)[nH]nc12,0
C[C@H]1C[C@@H]1n1c(=O)c2cc(F)ccc2n2c(=S)[nH]nc12,0
O=c1c2cc(F)ccc2n2c(=S)[nH]nc2n1CCc1ccncc1,1
O=c1c2cc(F)ccc2n2c(=S)[nH]nc2n1CCN1CCC(F)(F)CC1,0
CC(C)(C)OC(=O)CC[C@H](NC(=O)OC(C)(C)C)C(=O)NCCCn1c(=O)c2cc(F)ccc2n2c(=S)[nH]nc12,0
CCCn1c(=O)c2ccccc2n2c(SC)nnc12,0
CCCn1c(=O)c2cccc(F)c2n2c(SC)nnc12,0
Nc1nnc2n(CCc3ccccc3)c(=O)c3cc(F)ccc3n12,0
O=c1c2cc(F)ccc2n2c(=S)[nH]nc2n1Cc1ccccc1,0
Cc1cc(C)cc(-n2nc(C)c3cnc(N[C@@H](C)c4ccccc4)cc32)c1,1
Cc1nn(-c2cc(Cl)cc(CCC(N)=O)c2)c2cc(N[C@@H](C)c3ccccc3)ncc12,1
CC(=O)Nc1ccccc1-c1cc(Cl)cc(-n2nc(C)c3cnc(N[C@@H](C)c4ccccc4)cc32)c1,1
COC[C@H]1OC(=O)c2coc3c2[C@@]1(C)C1=C(C3=O)[C@@H]2CCC(=O)[C@@]2(C)C[C@H]1OC(C)=O,1
O=c1c2cc(F)ccc2n2c(=S)[nH]nc2n1CC1CC1,1
CN1CCC(NC(=O)c2cc(-c3c(O)cc(O)cc3Oc3ccc([N+](=O)[O-])cc3)on2)CC1,1
CC(Oc1cc(-n2cnc3ccccc32)sc1C(N)=O)c1ccccc1C(F)(F)F,1
COc1ccc(CNc2ccnc3oc4ccccc4c23)cc1,0
CC[C@@H]1C(=O)N(C)c2cnc(-n3ccnc3-c3ccc(F)cc3)nc2N1c1ccn(C)n1,0
CC[C@@H]1C(=O)N(C)c2cnc(-c3cn[nH]c3-c3ccc(F)cc3F)nc2N1c1cnn(C)c1,0
CC[C@@H]1C(=O)N(C)c2cnc(-n3ccnc3-c3ccccc3)nc2N1[C@@H]1CCOC1,1
CCc1ccccc1C(C(=O)Nc1ccc2[nH]nc(-c3cccc(S(N)(=O)=O)c3)c2c1)N(C)C,0
O=C1Nc2ccccc2/C1=C\c1ccc2c(/C=C/c3ccc(C(=O)O)cc3)n[nH]c2c1,0
CC(=O)Nc1ccc2c(c1)/C(=C\c1ccc3cn[nH]c3c1)C(=O)N2,0
O=C1Nc2cc(Cl)ccc2/C1=C\c1ccc2cn[nH]c2c1,0
CNC(=O)c1ccccc1Sc1ccc2c(/C=C/c3ccccn3)n[nH]c2c1,0
CCOc1cc(C(=O)NC2CCN(C)CC2)ccc1Nc1ncc2c(n1)N(Cc1cccc(Br)c1)[C@H](CC)C(=O)N2C,1
COc1cc(-c2cnc(N)c(N3CCC(C(=O)O)CC3)n2)cc(OC)c1OC,0
CCCCNS(=O)(=O)c1ccc(Nc2ncc3c(n2)N(c2ccn(C)n2)C(CC)C(=O)N3C)cc1,1
CC[C@@H]1C(=O)N(C)c2cnc(Nc3ccc(S(=O)(=O)NC4CCCC4)cc3)nc2N1C1CCCC1,1
CCC1C(=O)N(C)c2cnc(-n3ccc4cc(C(=O)NCC(C)C)ccc43)nc2N1c1ccn(C)n1,0
Cn1nc(C(N)=O)c2c1-c1nc(Nc3ccccc3Nc3ccccc3)ncc1CC2,1
O=C(/C=C/c1ccccc1[N+](=O)[O-])NNC(=O)c1ccc2c(c1)OCCO2,1
O=C(NCCc1ccc(O)c(Br)c1)/C(Cc1cc(Br)c(O)c(-c2cc(C/C(=N/O)C(=O)NCCc3ccc(O)c(Br)c3)cc(Br)c2O)c1)=N\O,0
CN1CCN(c2ccc(OC(F)(F)F)c(Nc3ncc4c(n3)-c3[nH]nc(C(N)=O)c3CC4)c2)CC1,1
CN1CCCC1CCNc1ccc(OC(F)(F)F)c(Nc2ncc3c(n2)-c2c(c(C(N)=O)nn2C)CC3)c1,1
CN1CCN(c2ccc(OC(F)(F)F)c(Nc3ncc4c(n3)-c3c(c(C(N)=O)nn3CCCN)CC4)c2)CC1,1
Nc1ncc(-c2cccc(S(N)(=O)=O)c2)c2scc(-c3ccc(F)c(Cl)c3)c12,0
CC[C@@H]1C(=O)N(C)c2cnc(Nc3ccc(S(N)(=O)=O)cc3)nc2N1C1CCCC1,1
CCCCNC(=O)c1ccc2c(ccn2-c2ncc3c(n2)N(c2ccn(C)n2)C(CC)C(=O)N3C)c1,0
C[C@@H](Oc1cc(-n2cnc3ccc(-c4ccncc4)cc32)sc1C(N)=O)c1ccccc1Cl,1
C[C@@H](Oc1cc(-n2cnc3ccc(-c4cnn(C)c4)cc32)sc1C(N)=O)c1ccccc1Cl,1
CCN1CCN(CCCn2cc(-c3ccc4c(c3)ncn4-c3cc(O[C@H](C)c4ccccc4Cl)c(C(N)=O)s3)cn2)CC1,1
Cc1cc(NC(=O)/N=c2/[nH]cc(CCNc3cc(Nc4nc[nH]n4)ncn3)s2)c(C(F)(F)F)o1,1
COC(=O)c1ccccc1Nc1ncc2c(n1)-c1c(c(C(N)=O)nn1C)CC2,0
CC(=O)c1c(Nc2ncc3c(n2)-c2c(c(C(N)=O)nn2C)CC3)cccc1N1CCN(C)CC1,0
Cn1nc(C(N)=O)c2c1-c1nc(Nc3ccccc3S(N)(=O)=O)ncc1CC2,0
C[C@@H](Oc1cc(-n2cnc3cc(-c4ccccc4)ccc32)sc1C(N)=O)c1ccccc1C(F)(F)F,1
C[C@@H](Oc1cc(-n2cnc3ccc(-c4ccncc4)cc32)sc1C(N)=O)c1ccccc1C(F)(F)F,1
C[C@@H](Oc1cc(-n2cnc3cc(-c4ccccn4)ccc32)sc1C(N)=O)c1ccccc1C(F)(F)F,1
C[C@@H](Oc1cc(-n2cnc3cc(-c4cccs4)ccc32)sc1C(N)=O)c1ccccc1C(F)(F)F,1
C[C@@H](Oc1cc(-n2cnc3cc(-c4ccc[nH]4)ccc32)sc1C(N)=O)c1ccccc1C(F)(F)F,1
C[C@@H](Oc1cc(-n2cnc3cc(-c4cn[nH]c4)ccc32)sc1C(N)=O)c1ccccc1C(F)(F)F,1
C[C@@H](Oc1cc(-n2cnc3cc(-c4cnn(C)c4)ccc32)sc1C(N)=O)c1ccccc1C(F)(F)F,1
C[C@@H](Oc1cc(-n2cnc3ccc(-c4ccnc(Cl)c4)cc32)sc1C(N)=O)c1ccccc1C(F)(F)F,1
C[C@@H](Oc1cc(-n2cnc3cc(-c4ccnc(N)c4)ccc32)sc1C(N)=O)c1ccccc1C(F)(F)F,1
COc1ccc(CNC(=O)c2cc3c(-c4ccccc4)[nH]nc3s2)cc1,0
C[C@@H](Oc1cc(-c2cc(-c3cc(CN(C)C)cs3)cnc2N)ccc1C(N)=O)c1ccccc1C(F)(F)F,1
N#Cc1c(NC(=O)c2cccc3ccccc23)sc2c1CCCC2,0
COc1cc2ncn(-c3cc(OCc4ccc(S(C)(=O)=O)cc4)c(C(N)=O)s3)c2cc1OC,1
CC[C@@H]1C(=O)N(C)c2cnc(-n3ccnc3-c3ccc(F)cc3)nc2N1c1ccnn1C,0
CCC1(C)C(=O)N(C)c2cnc(-n3ccnc3-c3ccc(F)cc3)nc2N1CCC(F)(F)F,0
CC[C@@H]1C(=O)N(C)c2cnc(-n3ccnc3-c3ccc(F)cc3)nc2N1CCC(F)(F)F,0
CN1C(=O)C(CC(F)(F)F)N(CCC(F)(F)F)c2nc(-n3ccnc3-c3ccc(F)cc3)ncc21,0
CCC1C(=O)N(C)c2cnc(-n3ccnc3-c3ccc(F)cc3)nc2N1c1ccc(F)cc1,0
CC[C@@H]1C(=O)N(C)c2cnc(-n3ccnc3-c3ccccc3)nc2N1C(C)C,1
CC[C@@H]1C(=O)N(C)c2cnc(-c3cn[nH]c3-c3nccs3)nc2N1C(C)C,1
CCC1C(=O)N(C)c2cnc(-n3ccnc3-c3ccc(F)cc3)nc2N1C1CCC(F)(F)C1,1
O=C1Cc2cc3c(=O)[nH]c(=O)[nH]c3nc2-c2ncccc2N1,0
CN1CCN(c2ccc(OC(F)(F)F)c(Nc3ncc4c(n3)-c3c(c(C(N)=O)nn3CCF)CC4)c2)CC1,1
CCn1nc(C(N)=O)c2c1-c1nc(Nc3cc(N4CCN(C)CC4)ccc3OC(F)(F)F)ncc1CC2,1
CN[C@H]1CC2OC([C@H]1OC)n1c3ccccc3c3c4c(c5c6ccccc6n2c5c31)C(O)=NC4,0
N#Cc1cc([N+](=O)[O-])c2sc(C(N)=O)[n+]([O-])c2c1,0
Nc1ccccc1NC(=O)/C=C/c1ccc(-c2ccc3ncnc(Nc4ccc(OCc5cccc(F)c5)c(Cl)c4)c3c2)cc1,0
COc1cc(-n2cnc3ccccc32)sc1C(N)=O,0
COc1ccc2c(c1)NC(=O)Cc1cnc3cc(-c4ccccc4)nn3c1-2,0
COc1ccc2c(c1)NC(=O)Cc1cnc3ncnn3c1-2,0
O=C1Cc2cc3c(=O)[nH]c(=O)[nH]c3nc2-c2ccccc2N1,0
CN1CCN(c2ccc(OC(F)(F)F)c(Nc3ncc4c(n3)-c3c(c(C(N)=O)nn3C)CC4)c2)[C@H](CO)C1,1
CN(C)CCCn1nc(C(N)=O)c2c1-c1nc(Nc3cc(N4CCN(C)CC4)ccc3OC(F)(F)F)ncc1CC2,1
COc1ccc(Nc2ncc3c(n2)-c2ccccc2NC(=O)C3)cc1O,0
CC(=O)Nc1ccccc1Nc1ncc2c(n1)-c1c(c(C(N)=O)nn1C)CC2,0
CC(C)(C)C(=O)N1Cc2c(NC(=O)c3cc(F)cc(F)c3)n[nH]c2C1(C)C,0
CNc1nccc(-c2cccnc2Oc2ccc(NC(=O)c3ccccc3Nc3ccccc3)cc2)n1,0
COc1cc2ncn(-c3cc(OCCc4ccccc4)c(C(N)=O)s3)c2cc1OC,1
COc1cc2ncn(-c3cc(OCc4ccnc(Br)c4)c(C(N)=O)s3)c2cc1OC,1
O=C(NCC(F)(F)F)c1cc(-c2cnn3cc(-c4ccc(OCCN5CCCCC5)cc4)cnc23)cs1,0
C[C@@H](Oc1cc(-c2cnc3ccccn23)sc1C(N)=O)c1ccc(CNCCCO)cc1Cl,1
c1csc(CCNc2ncc(-c3nn[nH]n3)c(Nc3ccc4c(c3)OCCO4)n2)c1,0
CCOC(=O)/C(C#N)=c1\s/c(=C/Nc2cccc(C)c2)c(=O)n1CC,1
CCn1c(=O)/c(=C\Nc2ccc(OCCN(C)C)cc2)s/c1=C(/C#N)C(=O)NCC(F)F,1
Cc1nn(-c2ccccc2C(N)=O)c2cc(N[C@@H](C)c3ccccc3)ncc12,1
COc1ccc2c(c1)NC(=O)Cc1cnc(Nc3ccc(O)cc3)nc1-2,1
CC[C@@H]1C(=O)N(C)c2cnc(Nc3cc(N4CCN(C)CC4)ccc3OC(F)(F)F)nc2N1C1CCCC1,1
CC[C@@H]1C(=O)N(C)c2cnc(-n3ccc4cc(C(=O)NCC(C)C)ccc43)nc2N1C1CCCC1,1
NC(=O)c1ccccc1Nc1ccnc(Nc2cccc(O)c2)n1,1
CN(C)CCCc1cccc(Nc2ncc3c(n2)-c2ccc(Cl)cc2NC(=S)C3)c1,1
COc1ccc(Nc2ncc3c(n2)-c2ccc(F)cc2NC(=O)C3)cc1OC,1
COC[C@H]1OC(=O)c2coc3c2[C@@]1(C)C1=C(C3=O)[C@@H]2CCC(=O)[C@@]2(C)C[C@H]1OC(C)=O,0
C[C@@H](Oc1cc(-n2cnc3cc(-c4ccc(NC5CCN(C)CC5)nc4)ccc32)sc1C(N)=O)c1ccccc1Cl,1
CN1CCCN(c2ccc(OC(F)(F)F)c(Nc3ncc4c(n3)-c3c(c(C(N)=O)nn3C)CC4)c2)CC1,1
NC(=O)c1nn(CC(F)(F)F)c2c1CCc1cnc(Nc3ccccc3)nc1-2,1
CNCc1ccc([C@@H](C)Oc2cc(-c3cnc4ccccn34)sc2C(N)=O)c(Cl)c1,1
C[C@@H](Oc1cc(-c2cnc3ccccn23)sc1C(N)=O)c1ccc(CNCCO)cc1Cl,1
C[C@@H](Oc1cc(-c2cnc3ccccn23)sc1C(N)=O)c1ccc(CNC(C)(C)CO)cc1Cl,1
CC(Oc1cc(-c2cnc3ccccn23)sc1C(N)=O)c1cc(CO)ccc1Cl,1
NC(=O)c1ccc2c(c1)NC(=O)/C2=C(\Nc1ccc(CN2CCCCC2)cc1)c1ccccc1,0
COCCn1nc(C(N)=O)c2c1-c1nc(Nc3cc(N4CCN(C)CC4)ccc3OC(F)(F)F)ncc1CC2,1
CC(=O)c1ccc(N2CCN(C)CC2)cc1Nc1ncc2c(n1)-c1c(c(C(N)=O)nn1C)CC2,1
CCCNC(=O)c1ccc2c(ccn2-c2ncc3c(n2)N(c2ccn(C)n2)C(CC)C(=O)N3C)c1,0
Cn1nc(C(N)=O)c2c1-c1nc(Nc3ccccc3Sc3ccccc3)ncc1CC2,0
Cc1ccc(C(=O)Nc2ccon2)cc1NC(=O)c1cnn(-c2ccccc2F)c1N,0
Cn1nc(C(=O)NC2CCCC2)c2c1-c1nc(Nc3ccccc3)ncc1CC2,0
Cn1nc(C(N)=O)c2c1-c1nc(Nc3ccccc3C(=O)c3ccccc3)ncc1CC2,0
CC[C@@H]1C(=O)N(C)c2cnc(Nc3ccc(C(=O)NC4CCN(C)CC4)cc3OC)nc2N1C1CCCC1,1
COc1cccc(Nc2ncc3c(n2)-c2c(c(C(N)=O)nn2C)CC3)c1,1
COc1ccc(Nc2ncc3c(n2)-c2c(c(C(N)=O)nn2C)CC3)cc1,1
CN(C)CCCN1CCN(c2ccc(OC(F)(F)F)c(Nc3ncc4c(n3)-c3c(c(C(N)=O)nn3C)CC4)c2)CC1,1
CCOc1ccc(Nc2ncc3c(n2)-c2cnccc2NC(=O)C3)cc1,0
CC(C)(N)C(=O)NCCn1ccc2ncnc(Nc3ccc(Oc4cccc5sncc45)c(Cl)c3)c21,0
Cc1nc(-c2ccccc2)n2nc(Nc3ccc([N+](=O)[O-])cc3)ncc12,0
COc1cc(Nc2ncc3c(C)nc(-c4ccccc4[N+](=O)[O-])n3n2)cc(OC)c1OC,0
COc1cc(Nc2ncc3c(C)nc(-c4ccccc4Br)n3n2)cc(OC)c1OC,0
Cc1n[nH]c2sc(C(N)=O)c(NC(=O)c3ccc(Cl)cc3)c12,0
Cc1n[nH]c2sc(C(N)=O)c(NC(=O)c3cccc(Cl)c3)c12,0
Cc1n[nH]c2sc(C(N)=O)c(NC(=O)c3cccs3)c12,0
COc1ccc(-c2cncc(C#N)c2Nc2ccc3[nH]ccc3c2)cc1OC,0
CN(C)C(=O)c1ccc(Nc2cc3c(cn2)cc(-c2cnn(C)c2)n3C(=O)OC(C)(C)C)c(Cl)c1,0
Cn1nc(C(N)=O)c2c1-c1nc(Nc3ccccc3C(F)(F)F)ncc1CC2,1
CN(C)CCCc1cc(Nc2ncc3c(n2)-c2ccc(Cl)cc2NC(=S)C3)ccc1F,1
COc1cc(Nc2ncc3c(C)nc(-c4cccc(C(F)(F)F)c4)n3n2)cc(OC)c1OC,1
COc1cc(Nc2ncc3c(C)nc(-c4ccc(C(F)(F)F)cc4)n3n2)cc(OC)c1OC,0
Cc1nn(-c2cccc(C(C)C)c2)c2cc(N[C@@H](C)c3ccccc3)ncc12,0
Cc1ccc(O)cc1CC[C@@H]1[C@H](O)CC[C@]2(C)[C@@H]([C@H](C)CCCC(C)C)CC[C@@H]12,0
O=C(O)c1ccc(C(=O)/C(=C\c2ccc(F)c([N+](=O)[O-])c2)SCc2ccc(Br)cc2)cc1,0
CCCNC(=O)c1ccc2c(ccn2-c2ncc3c(n2)N(C2CCCC2)[C@H](CC)C(=O)N3C)c1,1
C=CC[C@H]1CN(C2CCCC2)c2nc(Nc3ccc(C(=O)NC4CCN(C)CC4)cc3OC)ncc2N(C)C1=O,1
Cc1c(O)c(O)cc2oc3cc(O)cc(O)c3c(=O)c12,0
CC[C@@H]1C(=O)N(C)c2cnc(-c3cn[nH]c3-c3nccs3)nc2N1[C@H]1CCOC1,0
NC(=O)c1nn(CCN2CCCCC2)c2c1CCc1cnc(Nc3ccccc3)nc1-2,0
CC(=O)N1CCN([C@H]2C[C@@H](n3cc(-c4cc(OC[C@@H]5CCCO5)ccc4F)c4c(N)ncnc43)C2)CC1,0
COc1cccc(F)c1-c1ccnc(Nc2ccc(S(=O)(=O)Nc3nccs3)cc2)n1,0
Cc1ccc(/C=C/C(=O)NNC(=O)c2ccc3c(c2)OCCO3)cc1,0
O=C(/C=C/c1ccc(-c2ccc3ncnc(Nc4ccc(OCc5cccc(F)c5)c(Cl)c4)c3c2)o1)NO,0
O=C(NO)c1ccc(-c2ccc3ncnc(Nc4ccc(OCc5cccc(F)c5)c(Cl)c4)c3c2)s1,0
CC[C@@H]1C(=O)N(C)c2cnc(-n3ccc4cc(C(N)=O)ccc43)nc2N1C1CCCC1,1
CN1CCN(c2ccc(OC(F)(F)F)c(Nc3ncc4c(n3)-c3c(c(C(N)=O)nn3CCCl)CC4)c2)CC1,1
O=c1c(O)c(-c2ccc(O)c(O)c2)oc2cc(O)cc(O)c12,0
Cc1c(O)c(O)c(O)c(C=O)c1-c1cc2c(C=O)c(C)c(O)c(O)c2o1,0
COC1OC(=O)c2c(O)c(O)c(O)c(C)c21,0
C[C@H](Nc1cc2c(-c3ccccc3)noc2cn1)c1ccccc1,0
COc1cc2ncn(-c3cc(OCc4ccccc4C(F)(F)F)c(C#N)s3)c2cc1OC,1
COc1cc(Nc2ncc3c(n2)N(C2CCCC2)CC(F)(F)C(=O)N3C)ccc1C(=O)NC1CCN(C)CC1,1
COc1cc(C(=O)NC2CCN(C)CC2)c(F)cc1Nc1ncc2c(n1)N(C1CCCC1)CC(F)(F)C(=O)N2C,1
C=C[C@@]1(F)CN(C2CCCC2)c2nc(Nc3ccc(C(=O)NC4CCN(C)CC4)cc3OC)ncc2N(C)C1=O,1
C=CC[C@@H]1CN(C2CCCC2)c2nc(Nc3ccc(C(=O)NC4CCN(C)CC4)cc3OC)ncc2N(C)C1=O,1
COc1cc(C(=O)NC2CCN(C)CC2)ccc1Nc1ncc2c(n1)N(C1CCCC1)CCC(=O)N2C,1
C[C@@H](Oc1cc(-n2cnc3ccc(-c4ccccc4)cc32)sc1C(N)=O)c1ccccc1C(F)(F)F,1
C[C@@H](Oc1cc(-n2cnc3cc(-c4ccnc(Cl)c4)ccc32)sc1C(N)=O)c1ccccc1C(F)(F)F,1
C[C@@H](Oc1cc(-n2cnc3cc(-c4ccnc(NCCO)c4)ccc32)sc1C(N)=O)c1ccccc1Cl,1
CC[C@@H]1C(=O)N(C)c2cnc(-n3ccnc3-c3ccccc3)nc2N1CCC(F)(F)F,1
CCC1C(=O)N(C)c2cnc(-n3ccnc3-c3ccc(F)cc3)nc2N1c1ccc(C#N)cc1,0
C[C@H](/C=C\C(F)(F)F)Oc1cc(-c2cc(-c3cc(CN(C)C)cs3)cnc2N)ccc1C(N)=O,0
CC(C)Nc1ccc(Oc2cc(O)cc(O)c2-c2cc(C(=O)NC3CCN(C)CC3)no2)cc1,1
CN1CCC(NC(=O)c2cc(-c3c(O)cc(O)cc3Oc3ccc(N(C)C)cc3)on2)CC1,1
CCc1cccc(CC)c1NC(=O)c1nn(C)c2c1CCc1cnc(Nc3ccc(C(N)=O)cc3OC(F)(F)F)nc1-2,0
CC[C@@H]1C(=O)N(C)c2cnc(-n3ccc4cc(C(=O)NC)ccc43)nc2N1C1CCCC1,1
CS(=O)(=O)CCNCc1ccc(-c2ccc3ncnc(Nc4ccc(OCc5cccc(F)c5)c(Cl)c4)c3c2)o1,0
Cc1cc(N2CCOCC2)ccc1Nc1nc(NC2CCCCC2)c2nc[nH]c2n1,0
c1nc2c(NC3CCCCC3)nc(Nc3ccc(N4CCOCC4)cc3)nc2[nH]1,0
CN(C)c1ccc(Oc2cc(O)cc(O)c2-c2cc(C(=O)NC3CCN(C4CCC5(CC4)OCCO5)CC3)no2)cc1,1
CCN(CC)CCNC(=O)c1c[nH]c2ccc(N/C=c3/s/c(=C(/C#N)C(=O)NCC(F)(F)F)n(CC)c3=O)cc12,1
N[C@H](COc1cncc(-c2cc3ccncc3s2)c1)Cc1c[nH]c2ccccc12,0
O=[N+]([O-])c1cc(C(F)(F)F)cc2c1sc(O)[n+]2[O-],0
O=c1c(O)c(-c2ccc(O)c(O)c2)oc2cc(O)cc(O)c12,0
NC(=O)c1nn(C2CCCCC2)c2c1CCc1cnc(Nc3ccccc3)nc1-2,1
O=C1Nc2ccc(Br)cc2/C1=C/c1ccc(O)c(O)c1,0
COc1cc(/C=C2\C(=O)N(C)c3ccc(Br)cc32)cc(Cl)c1O,0
COc1ccccc1-n1nc(C)c2cnc(N[C@@H](C)c3ccccc3)cc21,0
Cc1nn(-c2cc(Cl)cc(CCC(=O)O)c2)c2cc(N[C@@H](C)c3ccccc3)ncc12,1
COc1ccc2c(c1)NC(=O)Cc1cnc3ccnn3c1-2,0
O=C1Cc2c([nH]c3ccc(Br)cc23)-c2ccccc2N1,0
CC(=O)Nc1c(C(N)=O)sc2[nH]nc(C)c12,0
O=C(NC1CCCCC1)c1cc2c(-c3ccccc3)[nH]nc2s1,0
CCCCN(C)C(=O)c1cc2c(-c3ccccc3)[nH]nc2s1,0
COc1ccc2c(c1)/C(=C\c1ccc3c(/C=C/c4ccncc4)n[nH]c3c1)C(=O)N2,0
O=C1Nc2ccc(Cl)cc2/C1=C\c1ccc2c(/C=C/c3ccncc3)n[nH]c2c1,0
O=C1Nc2ccccc2/C1=C\c1ccc2cn[nH]c2c1,0
O=C(Nc1n[nH]c2cc(C(=O)N[C@H](CN3CCCC3)c3ccccc3)sc12)c1ccc(N2CCOCC2)cc1,0
CCc1ccsc1-c1cnc(N)c(N2CCC(C(=O)O)CC2)n1,0
Cn1nc(C(N)=O)c2c1-c1nc(Nc3ccccc3Oc3ccccc3)ncc1CC2,1
CC[C@@H]1C(=O)N(C)c2cnc(Nc3ccc(C(=O)NC4CCN(C)CC4)cc3OC)nc2N1C1CCCC1,1
CCn1c(=O)/c(=C\Nc2cccc(NC(=O)C(C)(C)C)c2)s/c1=C(/C#N)C(=O)NC1(CO)CCCC1,1
CNc1cccc(-c2ccnc(Nc3ccc(O)cc3)n2)c1,0
Cc1nc(-c2ccccc2)n2nc(NCc3ccccc3)ncc12,0
COc1cc(Nc2ncc3c(C)nc(-c4cccc(C(=O)c5ccccc5)c4)n3n2)cc(OC)c1OC,1
CC(=O)c1ccccc1Nc1ncc2c(n1)-c1c(c(C(N)=O)nn1C)CC2,1
CNc1ccccc1Nc1ncc2c(n1)-c1c(c(C(N)=O)nn1C)CC2,1
Cn1nc(C(N)=O)c2c1-c1nc(Nc3ccccc3F)ncc1CC2,1
Nc1ccccc1NC(=O)c1ccc(-c2ccc3ncnc(Nc4ccc(OCc5cccc(F)c5)c(Cl)c4)c3c2)o1,0
Nc1ccccc1NC(=O)/C=C/c1ccc(-c2ccc3ncnc(Nc4ccc(OCc5cccc(F)c5)c(Cl)c4)c3c2)o1,0
NCCn1cc(-c2cc(-c3cc4ccccc4s3)c3[nH]ncc3c2)c2nc(N)ncc21,0
O=C(Nc1ccc(Oc2ncnc3[nH]ncc23)cc1)Nc1ccc(Cl)c(C(F)(F)F)c1,0
C#CC(=O)Nc1ccc2c(c1)/C(=C/c1[nH]c(CC)nc1C)C(=O)N2,0
CN(C)CCCc1cncc(Nc2ncc3c(n2)-c2ccc(Cl)cc2NC(=S)C3)c1,1
O=C1Cc2cnc(Nc3cccc(C(=O)NCCN4CCOCC4)c3)nc2-c2ccc(Cl)cc2N1,1
O=C1Nc2ccccc2[C@]12C[C@H]2c1ccc2c(/C=C/c3ccncc3)n[nH]c2c1,0
C[C@@H](Oc1cc(-c2cnc3ccccn23)sc1C(N)=O)c1ccccc1Cl,1
Cn1nc(C(N)=O)c2c1-c1nc(Nc3cc(N4CCN(C(=O)N5CCNCC5)CC4)ccc3OC(F)(F)F)ncc1CC2,1
NC(=O)c1cc(-c2ccnc(N)n2)[nH]c1-c1ccccc1,0
COc1cc(-c2cnc(N)c(N3CC[C@@H](C(=O)O)[C@@H](C)[C@H]3C)n2)cc(OC)c1OC,0
COc1cc(N2CCN(C)CC2)ccc1Nc1ncc2c(n1)-c1c(c(C(N)=O)nn1C)CC2,1
CSc1ccccc1Nc1ncc2c(n1)-c1c(c(C(N)=O)nn1C)CC2,1
CCc1cccc(CC)c1NC(=O)c1nn(C)c2c1CCc1cnc(Nc3ccc(C(=O)NC4CCN(C)CC4)cc3OC(F)(F)F)nc1-2,0
COc1cc2ncn(-c3cc(OCc4ccccc4)c(C(=O)O)s3)c2cc1OC,1
COc1cc(-n2cnc3ccc(OC4CCN(C)CC4)cc32)sc1C(N)=O,0
CC(Oc1cc(-n2cnc3cc(OC4CCN(C)CC4)ccc32)ccc1C(N)=O)c1ccccc1C(F)(F)F,0
CCc1cccc(CC)c1NC(=O)c1nn(C)c2c1CCc1cnc(Nc3ccccc3)nc1-2,0
CN1CCC(c2ccc(OC(F)(F)F)c(Nc3ncc4c(n3)-c3c(c(C(N)=O)cn3C)CC4)c2)CC1,1
CN1CCN(c2ccc(OC(F)(F)F)c(Nc3ncc4c(n3)-c3c(c(C(N)=O)nn3CCO)CC4)c2)CC1,1
Cc1ncc(CCCN(C)C)cc1Nc1ncc2c(n1)-c1ccc(Cl)cc1NC(=S)C2,1
Cn1nc(C(N)=O)c2c1-c1nc(Nc3cc(N)ccc3OC(F)(F)F)ncc1CC2,1
CN(C)CC1CC1c1cccc(Nc2ncc3c(n2)-c2ccc(Cl)cc2NC(=O)C3)c1,1
O=C(O)CCc1cn(CC(O)CN2CCCCC2)c2ccccc12,0
Cc1nnc(-c2ccc(-c3cc(NC(=O)c4ccnc(N5CCCC5)c4)ccc3C)c(C)c2)o1,0
CCOc1cccc(F)c1-c1ccnc(Nc2ccc(S(=O)(=O)Nc3onc(C)c3C)cc2)n1,0
COc1ccc(F)c(F)c1-c1ccnc(Nc2ccc(S(=O)(=O)Nc3nnc(C)s3)cc2)n1,0
COc1ccccc1-c1ccnc(Nc2cccc(Cn3cnc4ccccc43)c2)n1,0
O=C(Cc1ccccc1)Nc1cccc(-c2nc3sccn3c2-c2ccnc(Nc3cccc(N4CCOCC4)c3)n2)c1,0
C#Cc1cccc(Nc2ncnc3ccc(S(=O)(=O)n4ccc(/C=C/C(=O)NO)c4)cc23)c1,0
C#Cc1cccc(Nc2ncnc3cc(OCCOC)c(OCCOC)cc23)c1,0
CC(Nc1ncc(C#N)c(OCC2CCCCO2)n1)c1ccccc1,0
CCOc1cc(C2CCN(C)CC2)ccc1Nc1ncc2c(n1)N(Cc1sccc1C)[C@H](CC)C(=O)N2C,1
Cn1nc(C(=O)NCc2ccccc2)c2c1-c1nc(Nc3ccccc3)ncc1CC2,0
CCc1cccc(CC)c1NC(=O)c1nn(C)c2c1CCc1cnc(Nc3ccc(C(=O)N4CCC(N(C)C)CC4)cc3OC)nc1-2,0
CCc1cccc(CC)c1NC(=O)c1nn(C)c2c1CCc1cnc(Nc3ccc(C(=O)N4CCCN(C)CC4)cc3OC(F)(F)F)nc1-2,0
COc1cc2ncn(-c3cc(O[C@H](C)c4ccccc4Cl)c(C(N)=O)s3)c2cc1OC,1
C[C@@H](Oc1cc(-n2cnc3ccc(OCC4CCN(C)CC4)cc32)sc1C(N)=O)c1ccccc1C(F)(F)F,1
CC[C@@H]1C(=O)N(C)c2cnc(-n3ccc4ccccc43)nc2N1C1CCCC1,0
CN(C)CCCc1cc(Cl)cc(Nc2ncc3c(n2)-c2ccc(Cl)cc2NC(=S)C3)c1,1
COc1cccc(COc2cc(-n3cnc4ccccc43)sc2C(N)=O)c1,1
COc1cc(Nc2ncc3c(C)nc(-c4ccccc4)n3n2)cc(OC)c1OC,1
COc1ccccc1-c1nc(C)c2cnc(Nc3cc(OC)c(OC)c(OC)c3)nn12,0
COc1cc(Nc2ncc3c(C)nc(-c4cccc(Br)c4)n3n2)cc(OC)c1OC,1
COc1cccc(Nc2ncc3c(C)nc(-c4ccccc4)n3n2)c1,1
CCCCCCCCCc1ccc(C(=O)Nc2cc(C)ccc2C(=O)O)cc1,0
CN1CCN(c2ccc(Nc3ncc4c(=O)n(C5C=CCC5)n(-c5cccc(C(C)(C)O)n5)c4n3)cc2)CC1,0
CC[C@@H]1C(=O)N(C)c2cnc(Nc3ccc(C(=O)N[C@H]4CC[C@H](N5CCN(CC6CC6)CC5)CC4)cc3OC)nc2N1C(C)C,1
CCn1c(=O)/c(=C/Nc2cccc(CCN3CCCC3)c2)s/c1=C(\C#N)C(=O)NC(F)(F)F,1
NC(=O)c1sc(-c2cnc(NC(=O)c3ccccc3)s2)cc1OCc1ccccc1C(F)(F)F,0
CN(C)CCCc1cc(Nc2ncc3c(n2)-c2ccc(Cl)cc2NC(=S)C3)ccc1C(F)(F)F,1
O=C1Cc2cnc(Nc3cccc(N4CCOCC4)c3)nc2-c2ccc(Cl)cc2N1,1
COc1ccc(Nc2ncc3c(n2)-c2ccc(Cl)cc2NC(=O)C3)cc1OC,1
COc1cc2ncn(-c3cc(OCc4ccccc4C(F)(F)F)c(C(N)=O)s3)c2cc1OC,1
CCCn1c(=O)c2cc(Cl)ccc2n2c(=S)[nH]nc12,0
CC(C)NC(=O)CCn1c(=O)c2cc(Cl)ccc2n2c(=S)[nH]nc12,0
O=C(NCCCn1c(=O)c2cc(F)ccc2n2c(=S)[nH]nc12)c1ccc(Cn2ccnc2)cc1,0
N#Cc1ccc(CC(=O)NCCCn2c(=O)c3cc(F)ccc3n3c(=S)[nH]nc23)cc1,1
CN1C(=O)[C@@H](N2CCc3cn(CC4CCS(=O)(=O)CC4)nc3C2=O)COc2ccccc21,0
CN(C)C1CCN(c2ccc(Nc3ncc4c(=O)n(C5C=CCCC5)n(-c5cccc(C(C)(C)O)n5)c4n3)cc2)CC1,0
CN1Cc2ccc(Nc3ncc4c(=O)n(C5C=CCCC5)n(-c5cccc(C(C)(C)O)n5)c4n3)cc2C1,0
CN1CCN(c2ccc(Nc3ncc4c(=O)n(-c5ccccn5)n(-c5cccc(C(C)(C)O)n5)c4n3)cc2)CC1,0
CN1CCN(c2ccc(Nc3ncc4c(=O)n([C@H]5C=CCC5)n(-c5cccc(C(C)(C)O)n5)c4n3)cc2)CC1,0
CCCCCCCCc1ccc(C(=O)Nc2cccc([N+](=O)[O-])c2C(=O)O)cc1,0
CCCCCCCCc1ccc(C(=O)Nc2cccc(Cl)c2C(=O)O)cc1,0
CCCCCCCCc1ccc(CNc2cccc(OP(=O)(O)O)c2)cc1,0
CC(C)CNC(=O)CCn1c(=O)c2ccccc2n2c(=S)[nH]nc12,0
O=c1c2cccc(F)c2n2c(=S)[nH]nc2n1CCc1ccccc1,0
CNC(=S)N1CN(CCc2ccccc2)C(=O)c2cc(F)ccc21,0
NCCn1c(=O)c2cc(F)ccc2n2c(=S)[nH]nc12,0
CN1CCCC1CCn1c(=O)c2cc(F)ccc2n2c(=S)[nH]nc12,0
O=c1c2cc(F)ccc2n2c(=S)[nH]nc2n1CCN1CCCCC1,0
O=C(O)CCC(=O)NCCCn1c(=O)c2cc(F)ccc2n2c(=S)[nH]nc12,0
NS(=O)(=O)CCCC(=O)NCCCn1c(=O)c2cc(F)ccc2n2c(=S)[nH]nc12,0
NC1CCC(C(=O)NCCCn2c(=O)c3cc(F)ccc3n3c(=S)[nH]nc23)CC1,0
O=C(NCCCn1c(=O)c2cc(F)ccc2n2c(=S)[nH]nc12)C1CCCCN1,0
CN1CCN(CC(=O)NCCCn2c(=O)c3cc(F)ccc3n3c(=S)[nH]nc23)CC1,0
O=c1c2cc(F)ccc2n2cnnc2n1CCc1ccccc1,0
CCCn1c(=O)c2ccccc2n2c(=S)n(CN(C)C3CC3)nc12,0
O=c1c2cc(N3CCOCC3)ccc2n2c(=S)[nH]nc2n1CCc1ccccc1,0
N[C@@H](CCC(=O)O)C(=O)NCCCn1c(=O)c2cc(F)ccc2n2c(=S)[nH]nc12,0
CCOc1cc(C(=O)NC2CCN(C)CC2)ccc1Nc1ncc2c(n1)N(C1CCCC1)[C@H](CC)C(=O)N2C,1
CC(C)(O)c1cccc(-n2cc(F)c3cnc(Nc4ccc(NC(=O)C5CCOCC5)cc4)nc32)n1,1
CC[C@@H]1C(=O)N(C)c2cnc(Nc3ccc(S(=O)(=O)NC)cc3)nc2N1C1CCCC1,1
CC[C@@H]1c2nnc(C)n2-c2cnc(Nc3ccc(C(=O)NC4CCN(C)CC4)cc3OC)nc2N1Cc1cccc(C(F)(F)F)c1,1
CC[C@@H]1c2nnc(C)n2-c2cnc(Nc3ccc(C(=O)NN4CCN(C)CC4)cc3OC)nc2N1CC1CCCCC1,1
CC[C@@H]1c2nncn2-c2cnc(Nc3ccccc3OC)nc2N1C1CCCC1,0
CC[C@@H]1c2nncn2-c2cnc(Nc3ccc(C(=O)NN4CCN(C)CC4)cc3OC)nc2N1CC1CCCCC1,0
CC[C@@H]1c2nnc(C)n2-c2cnc(Nc3ccc(C(=O)NC4CCN(C)CC4)cc3OC)nc2N1Cc1cccc(Cl)c1,1
CCCCCCCOc1ccc(C(=O)Nc2ccccc2C(=O)O)cc1,0
CCCCCCCOc1ccc(C(=O)Nc2ccc(C)cc2C(=O)O)cc1,0
CCCCCCCCCc1ccc(C(=O)Nc2ccc(C)cc2C(=O)OC)cc1,0
COc1ccc(Nc2ncc3c(n2)-c2ccccc2NC(=O)C3)cc1,0
O=C1Cc2cnc(Nc3ccc(Cl)cc3)nc2-c2ccccc2N1,0
O=C1Cc2cnc(Nc3cccc(O)c3)nc2-c2ccccc2N1,0
O=C1Cc2cnc(Nc3ccccc3Cl)nc2-c2ccccc2N1,0
O=C1Cc2cnc(Nc3ccccc3Br)nc2-c2ccccc2N1,0
CCCCN(C)C(=O)c1cc2c(C)n[nH]c2s1,0
CC(C)(C)[C@H]1CC[C@H](C(=O)NCCCn2c(=O)c3cc(F)ccc3n3c(=S)[nH]nc23)CC1,0
O=C(Cc1ccccc1)NCCCn1c(=O)c2cc(F)ccc2n2c(=S)[nH]nc12,0
CC[C@@H]1c2nnc(C)n2-c2cnc(Nc3ccc(C(=O)NC4CCN(C(=O)CNc5cccc6c5CN(C5CCC(=O)NC5=O)C6=O)CC4)cc3OC)nc2N1CC1CCCCC1,0
CN1CCN(c2ccc(Nc3ncc4c(=O)n(-c5cccc(OC(F)(F)F)c5)n(-c5cccc(C(C)(C)O)n5)c4n3)cc2)CC1,1
COc1ccccc1-n1c(=O)c2cnc(Nc3ccc(N4CCN(C)CC4)cc3)nc2n1-c1cccc(C(C)(C)O)n1,0
CCNC(=O)c1cc(OCCO)c(Nc2ncc3c(n2)N(C2CCCC2)[C@H](CC)C(=O)N3C)cc1F,1
COC(=O)c1sccc1Nc1nc(Nc2ccc(N3CCC(N(C)C)CC3)cc2OC)ncc1[N+](=O)[O-],1
COC(=O)c1sccc1Nc1nc(Nc2cc3c(cc2OC)CCN3C(=O)CN(C)C)ncc1F,1
CNC(=O)c1nn(C)c2c1C(C)(C)Cc1cnc(Nc3ccc(N4CCN(C)CC4)cc3)nc1-2,0
CC(C)(C)c1ccc(Nc2nc(NCc3cccnc3)ncc2-c2nn[nH]n2)cc1,1
FC(F)(F)c1ccc(Nc2nc(NCc3cccnc3)ncc2-c2nn[nH]n2)cc1,1
CN(C)Cc1ccc(-c2cnn3c(-c4cccc(NC(=O)c5cccc(C(F)(F)F)c5)c4)ccnc23)cc1,0
Cn1c(=O)c2cc3c(nc2n(C)c1=O)-c1ccccc1NC(=O)C3,0
Cn1c(=O)c2cc3c(nc2n(C)c1=O)-c1ncccc1NC(=O)C3,0
C[C@@H]1C(=O)N(C)c2cnc(Nc3ccc(C(=O)NC4CCN(C)CC4)cc3OC3CCCC3)nc2N1C1CCCC1,1
COc1cc(C(=O)NC2CCN(C)CC2)ccc1Nc1ncc2c(n1)N(C1CCCC1)CC(=O)N2C,1
CCCCCCCCCCCCc1ccc(C(=O)Nc2ccccc2C(=O)O)cc1,0
C#Cc1cccc(Nc2ncnc3ccc(S(=O)(=O)n4ccc(/C=C/C(=O)Nc5ccccc5N)c4)cc23)c1,0
CC[C@@H]1c2nnc(C)n2-c2cnc(Nc3ccc(C(=O)NC4CCN(C)CC4)cc3OC)nc2N1Cc1ccco1,1
O=C(Cc1cccc(OCCCC2CCNCC2)c1)Nc1nc(-c2ccncc2)cs1,0
Nc1ncnc2c1N=C(c1ccccc1)CCN2,0
Nc1nc(N)c2c(n1)NCCC(c1ccc(Cl)cc1)=N2,0
O=c1c2cc(F)ccc2n2c(=S)[nH]nc2n1CCC1CCC(F)(F)CC1,0
N[C@@H](CCC(=O)O)C(=O)NCCOCCOCCOCCOCCC(=O)NCCCn1c(=O)c2cc(F)ccc2n2c(=S)[nH]nc12,0
CC(C)(C)OC(=O)NC1CCC(C(=O)NCCCn2c(=O)c3cc(F)ccc3n3c(=S)[nH]nc23)CC1,0
CN1C(=O)[C@@H](N2CCc3cn(Cc4ccccc4)nc3C2=O)COc2ccccc21,0
CCOC(=O)/C(C#N)=c1\s/c(=C/Nc2ccc(C(C)=O)cc2)c(=O)n1CC,1
NC(=O)c1sc(-n2cnc3ccccc32)cc1OCc1cccc(Cl)c1,1
COc1cc2ncn(-c3cc(OCc4ccccc4C#N)c(C(N)=O)s3)c2cc1OC,1
COc1ccccc1COc1cc(-n2cnc3cc(OC)c(OC)cc32)sc1C(N)=O,1
COc1cc2ncn(-c3cc(OCc4sccc4Cl)c(C(N)=O)s3)c2cc1OC,1
COc1cc2ncn(-c3cc(OCc4ccco4)c(C(N)=O)s3)c2cc1OC,1
CCCCCCCCc1ccc(C(=O)Nc2ccccc2C(=O)O)cc1,0
CCCCCCCCc1ccc(C(=O)Nc2cc(F)cc(F)c2C(=O)O)cc1,0
CCCCCCCCc1ccc(C(=O)Nc2cccc(O)c2C(=O)O)cc1,0
CCCCCCCCc1ccc(CCNc2ccccc2C(=O)O)cc1,0
CCCCCCCCc1ccc(CNc2cccc(CC)c2)cc1,0
Cc1cccc(C2=Nc3c(N)ncnc3NCC2)c1,0
COc1cc2ncn(-c3cc(OCc4ccccc4C(F)(F)F)c(C(N)=O)s3)c2cc1OC,1
CS(=O)(=O)c1cccc(Nc2nccc(Nc3c(Cl)ccc4c3OCO4)n2)c1,0
CCCCCCCCc1ccc(CNc2ccccc2C(=O)O)cc1,0
CCCCCCCCc1ccc(C(=O)Nc2ccc(C)cc2C(=O)O)cc1,0
NC(=O)c1n[nH]c2c1CCc1cnc(Nc3ccccc3)nc1-2,1
COc1ccc2c(c1)NC(=O)Cc1cnc(Nc3ccc(O)c(Cl)c3)nc1-2,1
O=C1Cc2cnc(Nc3ccc(O)c(Cl)c3)nc2-c2cnccc2N1,0
O=C1Cc2cnc3ccnn3c2-c2ncccc2N1,0
COc1ccc2c(c1)NC(=O)Cc1cc3c(=O)[nH]c(=O)[nH]c3nc1-2,0
CC(C)CC(=O)Nc1n[nH]c2c1CN(C(=O)C1CCN(C)CC1)C2(C)C,0
NC(=O)c1sc(-n2cnc3ccccc32)cc1OCc1ccccc1,1
Cc1ccccc1COc1cc(-n2cnc3ccccc32)sc1C(N)=O,1
CCOc1cc(N2CCC(O)CC2)ccc1Nc1ncc2c(n1)N(C1CCCC1)CCC(=O)N2C,1
CN1CCN(c2ccc(OC(F)(F)F)c(Nc3ncc4c(n3)-c3c(c(C(N)=O)nn3CCCl)CC4)c2)CC1,1
Cc1ccc2c(c1)c(=O)n(CCc1ccccc1)c1n[nH]c(=S)n21,0
O=c1c2cc(Cl)ccc2n2c(=S)[nH]nc2n1CCC(F)(F)F,0
CCCCn1c(=O)c2ccccc2n2c(S)nnc12,0
O=c1c2cccnc2n2c(=S)[nH]nc2n1CCc1ccccc1,0
Cc1ccccc1COc1cc(-n2cnc3ccc(Cl)cc32)sc1C(N)=O,1
CS(=O)(=O)c1ccc2c(c1)ncn2-c1cc(OCc2ccccc2C(F)(F)F)c(C(N)=O)s1,1
COc1ccc2ncn(-c3cc(OCc4ccccc4C(F)(F)F)c(C(N)=O)s3)c2c1,1
COc1cc2ncn(-c3cc(OCc4ccccc4)c(C(N)=O)s3)c2cc1OC,1
COc1cc2ncn(-c3cc(OCc4ccccc4S(C)(=O)=O)c(C(N)=O)s3)c2cc1OC,1
COc1cc2ncn(-c3cc(OCc4cccc(N(C)C)c4)c(C(N)=O)s3)c2cc1OC,1
COC(=O)c1ccccc1Nc1nc(Nc2cc3c(cc2OC)CCN3C(=O)CN(C)C)ncc1[N+](=O)[O-],1
COC(=O)c1sccc1Nc1nc(Nc2ccc(N3CCC(N(C)C)CC3)cc2OC)ncc1Br,1
C#Cc1nc(Nc2ccccc2)nc2[nH]cnc12,0
CC(Oc1cc(-c2cc(-c3cccc(CN(C)C)c3)cnc2N)ccc1C(N)=O)c1ccccc1C(F)(F)F,0
C[C@@H](/C=C\C(F)(F)F)Oc1cc(-c2cc(-c3cc(CN(C)C)cs3)cnc2N)ccc1C(N)=O,0
Cc1cc(C)cc(-c2noc3cnc(N[C@@H](C)c4ccccc4)cc23)c1,1
O=C(O)[C@H]1O[C@@H](Oc2cc3oc(-c4ccccc4)cc(=O)c3c(O)c2O)[C@H](O)[C@@H](O)[C@@H]1O,0
O=c1c2cc(F)ccc2n2c(=S)[nH]nc2n1CC1CC1,1
O=C1Nc2ccccc2/C1=C\c1ccc2c(/C=C/c3ccccc3)n[nH]c2c1,0
NC(=O)c1cc(F)cc2c1C(=O)N(C1CCN(C3CCC(F)(F)CC3)CC1)C2,0
CCCn1c(=O)c2ccccc2n2c(=S)n(CN(CC)CC3CC3)nc12,0
O=c1c2cc(F)ccc2n2c(=S)[nH]nc2n1CCc1cccnc1,0
CC[C@@H]1c2nnc(C)n2-c2cnc(Nc3ccc(C(=O)NC4CCN(C)CC4)cc3OC)nc2N1Cc1ccccn1,0
CC[C@@H]1c2nnc(C)n2-c2cnc(Nc3ccc(C(=O)NN4CCN(C)CC4)cc3OC)nc2N1Cc1ccc(F)cc1,1
CC[C@@H]1c2nncn2-c2cnc(Nc3ccc(C(=O)NC4CCN(C)CC4)cc3OC)nc2N1Cc1ccc(F)cc1,0
CC[C@@H]1c2nncn2-c2cnc(Nc3ccc(C(=O)NC4CCN(C)CC4)cc3OC)nc2N1Cc1cccs1,0
CCOc1ccc(CN2c3nc(Nc4ccc(C(=O)NN5CCN(C)CC5)cc4OC)ncc3-n3cnnc3[C@H]2CC)cc1,0
O=C(CC1CCNCC1)NCCCn1c(=O)c2cc(F)ccc2n2c(=S)[nH]nc12,0
O=C(Cc1cccnc1)NCCCn1c(=O)c2cc(F)ccc2n2c(=S)[nH]nc12,0
CCCn1c(=O)c2cccc(Cl)c2n2c(SC)nnc12,0
CC(C)(O)CC(=O)NCCn1ccc2ncnc(Nc3ccc(Oc4cccc(C(F)(F)F)c4)c(Cl)c3)c21,0
CC(C)(C)CNC(=O)CC1CNC(=O)c2cc(-c3ccsc3)cn21,0
Cc1ccc(C(=O)Nc2cccc(N3CCOCC3)c2)cc1-c1ccc2c(C3CCNCC3)noc2c1,0
Cc1ccc(C(=O)NC2CC2)cc1-c1ccc(C(=O)NCC2CC2)cc1,0
Cc1nn(-c2cccc(C#N)c2)c2cc(N[C@@H](C)c3ccccc3)ncc12,1
C#Cc1cccc(Nc2ncnc3ccc(OCc4ccc(C(=O)Nc5ccccc5N)cc4)cc23)c1,0
O=C1Cc2cnc(Nc3cccc(C(=O)O)c3)nc2-c2ccc(Cl)cc2N1,1
CC[C@@H]1c2nncn2-c2cnc(Nc3ccc(C(=O)NC4CCN(C)CC4)cc3OC)nc2N1Cc1ccco1,0
COc1cccc(F)c1-c1ccnc(Nc2cccc(Cn3cnc4ccccc43)c2)n1,0
COc1cccc(F)c1-c1ccnc(Nc2ccc(S(=O)(=O)Nc3onc(C)c3C)cc2)n1,0
COc1ccc(F)c(F)c1-c1ccnc(Nc2ccc(S(=O)(=O)Nc3onc(C)c3C)cc2)n1,0
O=C(Cc1ccc2ccccc2c1)Nc1cc(C2CC2)n[nH]1,0
CCN1CCC(NC(=O)c2ccc(Nc3ncc4c(F)cn(-c5cccc(C(C)(C)O)n5)c4n3)cc2)CC1,1
CCC1C(=O)N(C)c2cnc(-n3ccc4cc(C(=O)NC)ccc43)nc2N1c1ccn(C)n1,0
CCCNS(=O)(=O)c1ccc(Nc2ncc3c(n2)N(c2ccn(C)n2)C(CC)C(=O)N3C)cc1,1
CC[C@@H]1C(=O)N(C)c2cnc(Nc3ccc(S(=O)(=O)NCC(C)C)cc3)nc2N1C1CCCC1,1
COc1cc2ncn(-c3cc(-c4cccc(C(F)(F)F)c4)c(C(N)=O)s3)c2cc1OC,1
C[C@@]12CN(Cc3cccc(C#N)c3)C[C@@](C)(C1)c1c(-c3ccc4ccccc4c3)ccc(=O)n1C2,0
CN1CCN(c2ccc(OC(F)(F)F)c(Nc3nccc(-c4cc5c(n4CCO)CCNC5=O)n3)c2)CC1,1
CN1CCN(c2ccc(OC(F)(F)F)c(Nc3nccc(-c4cc(C(N)=O)cn4CCO)n3)c2)CC1,1
CN1CCN(c2ccc(OC(F)(F)F)c(Nc3nccc(-c4cc5c(n4C)CCN(C(=O)OC(C)(C)C)C5=O)n3)c2)CC1,1
CCc1ccc2c(c1)/C(=C\c1ccc3c(/C=C/c4cccnc4)n[nH]c3c1)C(=O)N2,0
Cn1c(-c2ccnc(Nc3cccc(O)c3)n2)nc2ccccc21,0
CC1=CC(=O)C(C(C)C)=C/C1=N/OC(=O)c1ccccc1C,0
NS(=O)(=O)c1cc(Br)c(NC(=S)NC(=O)c2ccccc2)c(Br)c1,0
OCCCNc1ccc2c(c1)nc(-c1ccc3c(c1)OCO3)n1ncnc21,0
CCCCCCc1ccc(C(=O)Nc2ccccc2C(=O)O)cc1,0
O=C(Cc1cccc(OCCCN2CCNCC2)c1)Nc1nc(-c2ccncc2)cs1,0
CN1CCN(C(=O)c2cc3c(-c4ccccc4)[nH]nc3s2)CC1,0
CCCCCCCCc1ccc(C(=O)Nc2ccccc2B(O)O)cc1,0
CNC(=O)c1ccc2ncccc2c1,0
CCCNc1ccc(C(=O)NC)cc1,0
CNC(=O)c1cc(-c2ccccc2)n(-c2ccccc2)c1C,0
CC1=CCC[C@H]2[C@](C)(CC3=C(O)C(=O)C=C(NCCC(C)C)C3=O)[C@@H](C)CC[C@@]12C,0
CN1CC=C(c2ccc(OC(F)(F)F)c(Nc3ncc4c(n3)-c3c(c(C(N)=O)nn3C)CC4)c2)CC1,1
CCn1c(=O)c2ccccc2n2c(=S)[nH]nc12,0
CCCN(C)Cn1nc2n(CCC)c(=O)c3ccccc3n2c1=S,0
CC(C)(C)OC(=O)CC[C@@H](NC(=O)OC(C)(C)C)C(=O)NCCCn1c(=O)c2cc(F)ccc2n2c(=S)[nH]nc12,0
CCCCc1ccc(C(=O)Nc2ccccc2C(=O)O)cc1,0
CCCCCCCCc1ccc(C(=O)Nc2cccc(OC)c2C(=O)O)cc1,0
CN1CCC(NC(=O)c2ccc(Nc3ncc4c(F)cn(-c5cccc(C(C)(C)O)n5)c4n3)cc2)CC1,1
CCOc1cc(C2CCN(C)CC2)ccc1Nc1ncc2c(n1)N(Cc1cccc(Br)c1)[C@H](CC)C(=O)N2C,1
O=C1Nc2ccccc2/C1=C\c1ccc2c(/C=C/c3ccncc3)n[nH]c2c1,0
CN(C)Cc1ccc(/C=C/c2n[nH]c3cc([C@@H]4C[C@@]45C(=O)Nc4ccccc45)ccc23)cc1,0
CCCCCCCCc1ccc(C(=O)Nc2ccccc2S(N)(=O)=O)cc1,0
CN(C)CCN1CCN(C(=O)c2cc(C(C)(C)C)sc2NC(=O)Nc2cccc(Cl)c2Cl)CCC1=O,0
CCCCCCCCOc1ccc(C(=O)Nc2ccc(C)cc2C(=O)O)cc1,0
Cc1ccc(O)cc1CC[C@@H]1C(=O)CC[C@]2(C)[C@@H]([C@H](C)CCCC(C)C)CC[C@@H]12,0
CN(C)Cc1ccc(/C=C/c2n[nH]c3cc(/C=C4/C(=O)Nc5ccccc54)ccc23)cc1,0
COc1ccc2c(c1)/C(=C\c1ccc3c(/C=C/c4cccnc4)n[nH]c3c1)C(=O)N2,0
CC(=O)Nc1ccc2c(c1)NC(=O)/C2=C/c1ccc2cn[nH]c2c1,0
O=C1Nc2ccccc2/C1=C/c1cccc(O)c1,0
CC(=O)NCCCn1c(=O)c2cc(F)ccc2n2c(=S)[nH]nc12,0
CC[C@@H]1c2c(C(=O)N(C)O)ncn2-c2cnc(Nc3ccc(C(=O)NC4CCN(C)CC4)cc3OC)nc2N1C1CCCC1,1
CN1CCN(c2cc(F)c3c(c2)nc(Cc2ccc4c(c2)OCO4)n2nc(N)nc32)CC1,0
CSc1nnc2n(CCc3ccccc3)c(=O)c3ccccc3n12,0
CCCn1c(=O)c2ccccc2n2c(S)nnc12,0
O=c1c2ccc(F)cc2n2c(=S)[nH]nc2n1CCc1ccccc1,0
CC(C)OCCCn1c(=O)c2cc(Cl)ccc2n2c(=S)[nH]nc12,0
CC(C)(O)c1cccc(-n2cc(F)c3cnc(Nc4ccc(N5C[C@H]6C[C@@H]5CN6)cc4)nc32)n1,1
CCCCCCCCc1ccc(C(=O)Nc2cc(C)ccc2C(=O)O)cc1,0
CCCCCCCCc1ccc(C(=O)Nc2cccc(OP(=O)(O)O)c2)cc1,0
CCNC(=O)c1ccc2c(ccn2-c2ncc3c(n2)N(C2CCCC2)[C@H](CC)C(=O)N3C)c1,1
CCC1C(=O)N(C)c2cnc(Nc3ccc(S(=O)(=O)NCCCO)cc3)nc2N1c1ccn(C)n1,1
CCCCNS(=O)(=O)c1ccc(Nc2ncc3c(n2)N(C2CCCC2)[C@H](CC)C(=O)N3C)cc1,1
CC(Oc1cc(-c2cc(-c3ccc(CN(C)C)cc3)cnc2N)ccc1C(N)=O)c1ccccc1C(F)(F)F,0
CC(Oc1cc(-c2cc(-c3cc(CN(C)C)cs3)cnc2N)ccc1C(N)=O)c1ccccc1C(F)(F)F,0
COc1cc(-c2cnn(C)c2)ccc1Nc1ncc2ccnc(N[C@@H](C)C(C)(C)C)c2n1,0
CN1CCN(c2ccc(Nc3ncc4c(n3)-c3ccc(Cl)cc3NC(=O)C4)cc2)CC1,1
COc1ccc(Nc2ncc3c(n2)-c2ccc(I)cc2NC(=O)C3)cc1OC,1
CN1CCN(c2ccc(Nc3ncc4nc(Nc5ccccc5)n(C5CCCC5)c4n3)cc2)CC1,0
CCC[C@@H]1C(=O)N(C)c2cnc(Nc3ccc(C(=O)NC4CCN(C)CC4)cc3OC)nc2N1C1CCCC1,1
COc1cc(C(=O)NC2CCN(C)CC2)ccc1Nc1ncc2c(n1)N(C1CCCCC1)[C@H](C)C(=O)N2C,1
CC(=O)N1CCN(c2ccc(Nc3ncc(C(F)(F)F)c(N4Cc5cccc(N(C)S(C)(=O)=O)c5C4)n3)cc2)CC1,1
COc1ccc(Br)cc1/C=c1\sc2nc(=O)c(C)nn2c1=O,0
COc1ccc2c(c1)[C@]1(C[C@H]1c1ccc3c(/C=C/c4ccc(CN5C[C@@H](C)O[C@@H](C)C5)cc4)n[nH]c3c1)C(=O)N2,0
NCCCn1c(=O)c2cccc(F)c2n2c(=S)[nH]nc12,0
CC(C)(C)OC(=O)N1CCN(CCn2c(=O)c3cc(F)ccc3n3c(=S)[nH]nc23)CC1,0
NCCOCCOCCOCCC(=O)NCCCn1c(=O)c2cc(F)ccc2n2c(=S)[nH]nc12,0
NCCCCCC(=O)NCCCn1c(=O)c2cc(F)ccc2n2c(=S)[nH]nc12,0
CCCn1c(=O)c2cccc(Cl)c2n2c(=S)[nH]nc12,0
CC[C@@H]1C(=O)N(C)c2cnc(Nc3ccc(C(=O)NC4CCN(C)CC4)cc3OCCO)nc2N1C1CCCC1,1
CCCNC(=O)c1ccc(Nc2ncc3c(n2)N(C2CCCC2)[C@H](CC)C(=O)N3C)c(OCCO)c1,1
CC[C@@H]1C(=O)N(C)c2cnc(Nc3ccc(C(=O)NCCN4CCN(C)CC4)cc3OCCO)nc2N1C1CCCC1,1
COc1ccc(N2CCN(C)CC2)cc1Nc1ncc2c(n1)-c1c(c(C(N)=O)nn1C)CC2,1
Cc1ccc(N2CCN(C)CC2)cc1Nc1ncc2c(n1)-c1c(c(C(=O)O)nn1C)CC2,1
COc1cc(CNCc2ccncc2)ccc1OCc1ccc(Cl)cc1,1
CC[C@@H]1C(=O)N(CCO)c2cnc(Nc3ccc(C(=O)NC4CCCC4)cc3OC)nc2N1C1CCCC1,1
CC[C@@H]1C(=O)N(C)c2cnc(Nc3ccc(C(=O)NC4CCCC4)cc3OC)nc2N1C1CCCC1,1
CC[C@@H]1C(=O)N(C)c2cnc(Nc3ccc(C(C)=O)cc3OCCO)nc2N1C1CCCC1,1
CCNC(=O)c1ccc(Nc2ncc3c(n2)N(C2CCCC2)[C@H](CC)C(=O)N3C)c(OCCO)c1,1
CC[C@@H]1C(=O)N(C)c2cnc(Nc3ccc(C(=O)NCCN(C)C)cc3OCCO)nc2N1C1CCCC1,1
CC[C@@H]1C(=O)N(C)c2cnc(Nc3ccc(C(=O)NC4CCCC4)cc3OCCO)nc2N1C(C)C,1
CCN(CC)CC(O)Cn1cc(CC(=O)O)c2ccccc21,0
COC(=O)c1sccc1Nc1nc(Nc2ccc(N3CCN(C)CC3)cc2)ncc1[N+](=O)[O-],1
Cc1nnc2n(CCc3ccccc3)c(=O)c3cc(F)ccc3n12,0
O=c1c2ccccc2n2c(=S)[nH]nc2n1CCC(F)(F)F,0
CCCn1c(=O)c2ccccc2n2c(=S)n(CC(=O)c3ccccc3)nc12,0
O=c1c2cc(I)ccc2n2c(=S)[nH]nc2n1CCc1ccccc1,0
CCCCCn1c(=O)c2ccccc2n2c(S)nnc12,0
O=c1c2cc(F)ccc2n2c(=S)[nH]nc2n1CCc1ccccc1,0
NCCOCCOCCOCCOCCC(=O)NCCCn1c(=O)c2cc(F)ccc2n2c(=S)[nH]nc12,0
COc1cccc(CC(=O)NCCCn2c(=O)c3cc(F)ccc3n3c(=S)[nH]nc23)c1,1
Cn1c2c(c3ccc(Cl)c(Cl)c31)C(C#N)C1(CCNCC1)NC2=O,0
CC(=O)N[C@H]1Cc2c[n+](cn2CCCCCCCCc2ccccc2)CCCCCNC(=O)[C@H]([C@@H](C)OP(=O)(O)O)NC(=O)[C@H](CO)NC1=O,1
COc1ccc(Nc2ncc3c(n2)-c2ccc(C)cc2NC(=O)C3)cc1OC,1
CN[C@@H]1C[C@H]2O[C@@](C)([C@@H]1OC)n1c3ccccc3c3c4c(c5c6ccccc6n2c5c31)C(=O)NC4,1
CCC1C(=O)N(C)c2cnc(-n3ccc4cc(C(=O)NC5CCCC5)ccc43)nc2N1c1ccn(C)n1,0
CC(C)n1c(=O)c2ccccc2n2c(=S)[nH]nc12,0
CC(=O)Nc1ccc2c(c1)c(=O)n(CCc1ccccc1)c1n[nH]c(=S)n21,0
O=c1c2ccncc2n2c(=S)[nH]nc2n1CCc1ccccc1,0
C[C@@H]1C[C@H](N)C[C@H](c2ccncc2NC(=O)c2ccc(F)c(-c3c(F)cccc3F)n2)C1,0
CC[C@@H]1c2c(C#N)ncn2-c2cnc(Nc3cc(F)c(C(=O)NC4CCN(C)CC4)cc3OC)nc2N1C(C)C,1
CC[C@@H]1c2c(C#N)ncn2-c2cnc(Nc3cc(F)c(C(=O)N[C@H]4CC[C@H](N5CCN(CC6CC6)CC5)CC4)cc3OC)nc2N1C(C)C,1
O=C(/C=C/c1ccc([N+](=O)[O-])cc1)NNC(=O)c1ccc2c(c1)OCCO2,1
Cc1ccc(-n2nc(C(C)(C)C)cc2NC(=O)Nc2ccc(OCCN3CCOCC3)c3ccccc23)cc1,0
CCC(C)NC(=O)CCn1c(=O)c2ccccc2n2c(=S)[nH]nc12,0
O=c1c2cc(F)ccc2n2c(=S)[nH]nc2n1CCc1ccc(Cl)cc1,0
C[C@@H]1C[C@H]1C(=O)N1CCN(c2cnc(C#N)c(-c3cnn(C)c3)n2)C[C@H]1C,0
CCC[C@@H]1C(=O)N(C)c2cnc(Nc3ccc(C(=O)NC4CCN(C)CC4)cc3OC3CCCC3)nc2N1C1CCCC1,1
CNC(=O)c1cc(-c2ccccc2)c(C(F)(F)F)s1,0
O=c1c2cc(F)ccc2n2c(=S)[nH]nc2n1CCc1ccccc1Cl,0
CC(C)(O)c1cccc(-n2cc(F)c3cnc(Nc4ccc(C(=O)NC5CCOCC5)cc4)nc32)n1,1
CN1CCN(CCn2c(=O)c3cc(F)ccc3n3c(=S)[nH]nc23)CC1,0
COC(=O)c1ccsc1Nc1nc(Nc2ccc(N3CCN(C)CC3)cc2OC)ncc1[N+](=O)[O-],1
CC(=O)N[C@@H](Cc1cncn1CCCCCCCCc1ccccc1)C(=O)N[C@@H](CO)C(=O)N[C@H](C(N)=O)[C@@H](C)OP(=O)(O)O,0
Cc1c(O)c(O)c2c(c1C=O)[C@@H]1O[C@H](O2)c2c(C)c(O)c(O)c(O)c2C1=O,0
NC(=O)c1nn(CCF)c2c1CCc1cnc(Nc3ccccc3OC(F)(F)F)nc1-2,1
O=C1Nc2ccccc2/C1=C\c1ccc2c(/C=C/c3ccncc3)n[nH]c2c1,0
COc1ccc2c(c1)/C(=C\c1ccc3cn[nH]c3c1)C(=O)N2,0
CCCCCCCCc1ccc(CNc2ccc(C)cc2C(=O)O)cc1,0
COc1cc(C(=O)NC2CCN(C)CC2)ccc1Nc1ncc2c(n1)N(C(C)C)[C@H](CC(C)C)C(=O)N2C,1
CN1CCN(c2ccc(OC(F)(F)F)c(Nc3ncc4c(n3)-c3c(c(C(N)=O)nn3C)CC4)c2)CC1,1
COc1ccccc1-n1c(=O)c2cnc(Nc3ccc(C4CCN(C)CC4)cc3)nc2n1-c1cccc(C(C)(C)O)n1,0
C=CCn1c(=O)c2cnc(Nc3ccc(N4CCN(C)CC4)cc3)nc2n1-c1ccc2c(n1)C(O)(CC)CC2,1
CCCCCCCCc1ccc(C(=O)Nc2ccccc2[N+](=O)[O-])cc1,0
Cc1ccc2c(c1)nc(CCN1C(=O)c3cccc4cccc(c34)C1=O)n2-c1ccncc1,0
NC(=O)c1sc2c([n+]1[O-])C(SC[C@H](N)C(=O)O)C(SC(F)(F)F)=CC2[N+](=O)[O-],1
CCCCCCCCc1ccc(C(=O)Nc2c(O)cccc2C(=O)O)cc1,0
Nc1nc2c3ccc(NCCO)cc3nc(Cc3ccc4c(c3)OCO4)n2n1,0
CCCCCCCCCc1ccc(C(=O)Nc2cc(C)ccc2C(=O)OC)cc1,0
CCCCCCCCOc1ccc(C(=O)Nc2cc(C)ccc2C(=O)O)cc1,0
Cc1ccc(C(=O)O)c(NC(=O)c2ccc(N)cc2)c1,0
CC[C@@H]1C(=O)N(COC)c2cnc(Nc3ccc(C(=O)NC4CCCC4)cc3OC)nc2N1C1CCCC1,0
CC[C@@H]1C(=O)Nc2cnc(Nc3ccc(C(=O)NC4CCCC4)cc3OC)nc2N1C1CCCC1,1
CC[C@@H]1C(=O)N(C)c2cnc(Nc3ccc(C(=O)NC4CCCC4)cc3OCCOC)nc2N1C1CCCC1,1
O=C(O)C1CN(Cc2ccc(OCc3ccc(Cl)c(Cl)c3)cc2)C1,0
Cn1cc(-c2cnc3c(-c4csc(C(=O)NCC(F)(F)F)c4)cnn3c2)cn1,0
CN[C@@H]1C[C@H]2O[C@@](C)([C@@H]1OC)n1c3ccccc3c3c4c(c5c6ccccc6n2c5c31)C(=O)NC4,1
CC(=O)n1nc(C)c(-c2ccc(Cl)c(Cl)c2)c1N,0
O=C1Nc2ccccc2/C1=C/c1ccc(O)cc1,0
CC(=O)N[C@H]1Cc2c[n+](cn2CCCCCCCCc2ccccc2)CCCCCNC(=O)[C@H]([C@@H](C)OP(=O)(O)O)NC(=O)[C@H](CO)NC1=O,1
CC[C@@H]1C(=O)N(C)c2cnc(Nc3ccc(C(=O)NC(C)C)cc3OCCO)nc2N1C1CCCC1,1
CC[C@@H]1C(=O)N(C)c2cnc(Nc3ccc(C(=O)NCCN4CCOCC4)cc3OCCO)nc2N1C1CCCC1,1
CC[C@@H]1C(=O)N(C)c2cnc(Nc3ccc(C(=O)NC4CCOCC4)cc3OCCO)nc2N1C(C)C,1
O=C1Nc2ccc(O)cc2/C1=C\c1ccc2c(/C=C/c3ccncc3)n[nH]c2c1,0
CNC(=O)c1ccc2c(c1)/C(=C\c1ccc3cn[nH]c3c1)C(=O)N2,0
COc1cc(/C=C2\C(=O)Nc3ccc(Br)cc32)cc(Br)c1OC,0
CNC(=O)c1cn(S(=O)(=O)c2ccccc2)c2ccccc12,0
O=C1NC(=O)C(=Cc2cn(Cc3ccccc3)nc2-c2ccccc2)C(=O)N1,0
CCCCNC(=O)c1ccc2c(ccn2-c2ncc3c(n2)N(C2CCCC2)[C@H](CC)C(=O)N3C)c1,1
COC(=O)c1ccccc1Nc1nc(Nc2ccc(N3CCC(N4CCCC4)CC3)cc2OC)ncc1[N+](=O)[O-],1
COC(=O)c1sccc1Nc1nc(Nc2ccc(N3CCC(N(C)C)CC3)cc2OC)ncc1C,1
COC(=O)c1ccsc1Nc1nc(Nc2ccc(N3CCC(N(C)C)CC3)cc2OC)ncc1[N+](=O)[O-],1
Cc1ccccc1Nc1ncc2c(n1)-c1c(c(C(N)=O)nn1C)CC2,1
CN1CCN(c2ccc(OC(F)(F)F)c(Nc3ncc4c(n3)-c3c(c(C(=O)O)nn3C)CC4)c2)CC1,1
O=C1Nc2ccc(F)cc2/C1=C/c1ccc2cn[nH]c2c1,0
COC(=O)c1sccc1Nc1nc(Nc2ccc(N3CCC(N4CCCC4)CC3)cc2OC)ncc1[N+](=O)[O-],1
COC(=O)c1sccc1Nc1nc(Nc2ccc(N3CCC(N4CCN(C)CC4)CC3)cc2)ncc1[N+](=O)[O-],1
COC(=O)c1sccc1Nc1nc(Nc2cc3c(cc2OC)CCN3C(=O)CN(C)C)ncc1C#N,1
COC(=O)c1sccc1Nc1nc(Nc2ccc(N3CCC(N4CCCC4)CC3)cc2OC)ncc1C#N,1
CCNC(=O)c1ccc2c(ccn2-c2ncc3c(n2)N(c2ccn(C)n2)C(CC)C(=O)N3C)c1,0
CCC1C(=O)N(C)c2cnc(Nc3ccc(S(=O)(=O)NC)cc3)nc2N1c1ccn(C)n1,1
CC[C@@H]1C(=O)N(C)c2cnc(Nc3ccc(S(=O)(=O)NCCCO)cc3)nc2N1C1CCCC1,1
CN[C@@H]1C[C@H]2O[C@@](C)([C@@H]1OC)n1c3ccccc3c3c4c(c5c6ccccc6n2c5c31)C(=O)NC4,1
FC(F)(F)c1ccc(OC(CCNCc2ccccn2)c2ccccc2)cc1,1
CC[C@@H]1C(=O)N(C)c2cnc(Nc3ccc(C(=O)NC4CCN(C(C)C)CC4)cc3OCCO)nc2N1C1CCCC1,1
CC[C@@H]1c2nnc(C)n2-c2cnc(Nc3ccc(C(=O)NC4CCN(C)CC4)cc3OC)nc2N1C1CCCC1,1
CC[C@@H]1c2nnc(C)n2-c2cnc(Nc3ccc(C(=O)NC4CCN(C)CC4)cc3OC)nc2N1Cc1ccc(F)cc1,1
O=c1c2ccccc2n2c(=O)[nH]nc2n1CCc1ccccc1,0
CCOCCCn1c(=O)c2ccccc2n2c(S)nnc12,0
CCCn1c(=O)c2cc(F)ccc2n2c(=S)[nH]nc12,0
CCOP(=O)(CCn1c(=O)c2cc(F)ccc2n2c(=S)[nH]nc12)OCC,0
O=C(NCCCn1c(=O)c2cc(F)ccc2n2c(=S)[nH]nc12)C1CCNCC1,0
O=C(NCCCn1c(=O)c2cc(F)ccc2n2c(=S)[nH]nc12)C1CCOCC1,0
O=C(Cc1cccc(Cl)c1)NCCCn1c(=O)c2cc(F)ccc2n2c(=S)[nH]nc12,0
O=C(Cc1ccccc1C(F)(F)F)NCCCn1c(=O)c2cc(F)ccc2n2c(=S)[nH]nc12,0
CC[C@@H]1C(=O)N(C)c2cnc(Nc3ccc(C(=O)NC4CC4)cc3OCCO)nc2N1C1CCCC1,1
CCC1C(=O)N(C)c2cnc(Nc3ccc(S(=O)(=O)NCC(C)C)cc3)nc2N1c1ccn(C)n1,1
Cn1cc(-c2cnc3c(-c4csc(C(=O)N[C@@H]5CCCC[C@@H]5N)c4)cnn3c2)cn1,0
CNC(=O)c1cc(OC)c2c(c1)OCCO2,0
CCCc1ccc(C(=O)NC)cc1,0
CCOc1cc(C2CCN(C)CC2)ccc1Nc1ncc2c(n1)N(Cc1ccccc1)[C@H](CC)C(=O)N2C,1
CCOc1cc(C2CCN(C)CC2)ccc1Nc1ncc2c(n1)N(Cc1cccc(Cl)c1)[C@H](CC)C(=O)N2C,1
CC[C@@H]1C(=O)N(C)c2cnc(Nc3cc(F)c(C(=O)NCCN4CCN(C)CC4)cc3OCCO)nc2N1C1CCCC1,1
CC[C@@H]1C(=O)N(C)c2cnc(Nc3cc(F)c(C(=O)NC4CCN(C)CC4)cc3OCCO)nc2N1C(C)C,1
COc1cc(C(=O)NC2CCN(C)CC2)ccc1Nc1ncc2c(n1)N(C1CCCC1)[C@@H](C)C(=O)N2C,1
COC(=O)c1ccc(Nc2ncc3c(n2)N(C2CCCC2)[C@H](C)C(=O)N3C)c(OC2CCCC2)c1,1
CC(C)NC(=O)CCn1c(=O)c2ccccc2n2c(=S)[nH]nc12,0
Cc1cccc(-n2c(=O)c3ccccc3n3c(S)nnc23)c1C,0
Cn1c(=O)c2ccc(C(=O)NC3CCCC3)cc2n2c(=S)[nH]nc12,0
CC(CN(C)C)n1c(=O)c2cc(F)ccc2n2c(=S)[nH]nc12,0
CC(C)(C)OC(=O)CC[C@H](N)C(=O)NCCOCCOCCOCCOCCC(=O)NCCCn1c(=O)c2cc(F)ccc2n2c(=S)[nH]nc12,0
CNC(=O)CN1C(=O)COc2ccc(C)cc21,0
CC[C@@H]1C(=O)N(C)c2cnc(-n3ccc4cc(C(=O)NC5CCCC5)ccc43)nc2N1C1CCCC1,1
O=c1c2ccccc2n2c(=S)[nH]nc2n1CCc1ccccc1,0
CC[C@@H]1c2c(C#N)ncn2-c2cnc(Nc3cc(F)c(C(=O)NC4CCN(CC)CC4)cc3OC)nc2N1C(C)C,1
CC[C@@H]1c2c(C#N)ncn2-c2cnc(Nc3cc(F)c(C(=O)NC4CCN(C)CC4)cc3OC)nc2N1C1CCCC1,1
CCC1C(=O)N(C)c2cnc(-n3ccc4cc(C(N)=O)ccc43)nc2N1c1ccn(C)n1,0
CC[C@@H]1C(=O)N(C)c2cnc(Nc3ccc(S(=O)(=O)NCCO)cc3)nc2N1C1CCCC1,1
CCOc1cc(C2CCN(C)CC2)ccc1Nc1ncc2c(n1)N(Cc1cccc(C#N)c1)[C@H](CC)C(=O)N2C,0
CCOc1cc(C2CCN(C)CC2)ccc1Nc1ncc2c(n1)N(Cc1cc(C)cs1)[C@H](CC)C(=O)N2C,1
CN1CCN(c2ccc(C(=O)Nc3n[nH]c4ccc(Cc5cc(F)cc(F)c5)cc34)c(NC3CCOCC3)c2)CC1,0
CC[C@@H]1C(=O)N(C)c2cnc(Nc3ccc(C(=O)NC4CCCC4)cc3O)nc2N1C1CCCC1,1
CC[C@@H]1C(=O)N(C)c2cnc(Nc3ccc(C(=O)NC4CCCC4)cc3OCc3ccccc3)nc2N1C1CCCC1,1
CCCCNC(=O)c1ccc(Nc2ncc3c(n2)N(C2CCCC2)[C@H](CC)C(=O)N3C)c(OCCO)c1,1
CC[C@@H]1C(=O)N(C)c2cnc(Nc3cc(F)c(C(=O)NCCN4CCOCC4)cc3OCCO)nc2N1C1CCCC1,1
CCCn1c(=O)c2cccc(OC)c2n2c(=S)[nH]nc12,0
CC(C)(O)c1cccc(-n2cc(F)c3cnc(Nc4ccc(N5CCNC6(CC6)C5)cc4)nc32)n1,1
O=C1C[C@@H](c2ccccc2)Oc2cc(O)c(O)c(O)c21,0
C[C@H](OP(=O)(O)O)[C@H](NC(=O)c1ccc2c(c1)nc(CCCCc1ccccc1)n2CCc1ccccc1)C(N)=O,0
CC1=C/C(=N/OC(=O)c2ccc(CNC(=O)CCc3cn(CCCCCCOCCOCCNC(=O)[C@H](C)CCC45CC6CC(CC(C6)C4)C5)nn3)cc2C)C(C)=CC1=O,0
CCCCCCCSc1ccc(C(=O)Nc2ccccc2C(=O)O)cc1,0
CCCCCCCCc1ccc(C(=O)Nc2ccccc2C(=O)OCC)cc1,0
Cc1cc(-c2ccc(C#N)cc2)c(OCCO)c(-c2ccc(-c3nnn[nH]3)cc2)c1,0
Cc1cc(-c2ccc(C#N)cc2)c(OCCO)c(-c2ccc(-c3nnn[nH]3)cc2)c1,0
Cc1cc(-c2ccc(C#N)cc2)c(OCCO)c(-c2ccc(-c3nnn[nH]3)cc2)c1,0
CS(=O)(=O)NCCCn1c(=O)c2cc(F)ccc2n2c(=S)[nH]nc12,0
CC(C)(C)OC(=O)CC[C@H](N)C(=O)NCCCn1c(=O)c2cc(F)ccc2n2c(=S)[nH]nc12,0
CCCn1c(=O)c2ccccc2n2c(SC(C)=O)nnc12,0
CC[C@@H]1C(=O)N(C)c2cnc(Nc3ccc(C(=O)N[C@H]4CC[C@@H](N5CCN(CC6CC6)CC5)CC4)cc3OC)nc2N1C(C)C,1
O=c1c2cc(F)ccc2n2c(=S)[nH]nc2n1CCC(F)(F)F,1
O=C(NCCCn1c(=O)c2cc(F)ccc2n2c(=S)[nH]nc12)c1ccccc1,0
CN1CCC(NC(=O)c2ccc(Nc3ncc4ccn(-c5cccc(C(C)(C)O)n5)c4n3)cc2)CC1,1
CCN1CCC(Oc2ccc(Nc3ncc4c(F)cn(-c5cccc(C(C)(C)O)n5)c4n3)cc2)CC1,1
Cn1cc(-c2cc3[nH]nc(-c4cccc(S(N)(=O)=O)c4)c3cc2NC2CCCCC2)cn1,0
NCCCn1c(=O)c2cc(F)ccc2n2c(=S)[nH]nc12,0
CC(=O)NCCn1c(=O)c2cc(F)ccc2n2c(=S)[nH]nc12,0
CC(C)(C)OC(=O)NCCOCCOCCOCCOCCC(=O)NCCCn1c(=O)c2cc(F)ccc2n2c(=S)[nH]nc12,0
CC(C)(C)OC(=O)NCCOCCOCCOCCC(=O)NCCCn1c(=O)c2cc(F)ccc2n2c(=S)[nH]nc12,0
CC(C)(C)OC(=O)NCCCCCC(=O)NCCCn1c(=O)c2cc(F)ccc2n2c(=S)[nH]nc12,0
COc1ccccc1CC(=O)NCCCn1c(=O)c2cc(F)ccc2n2c(=S)[nH]nc12,0
O=c1c2cc(F)ccc2n2c(=S)[nH]nc2n1CCP(=O)(O)O,0
O=C(NCCCn1c(=O)c2cc(F)ccc2n2c(=S)[nH]nc12)C1CCCC1,0
O=C(NCCCn1c(=O)c2cc(F)ccc2n2c(=S)[nH]nc12)C1CCCNC1,0
O=C(Cc1cccc(F)c1)NCCCn1c(=O)c2cc(F)ccc2n2c(=S)[nH]nc12,0
CCCn1c(=O)c2cc(F)ccc2n2c(SC)nnc12,0
O=c1c2cc(Br)ccc2n2c(=S)[nH]nc2n1CCc1ccccc1,0
O=c1c2cc(F)ccc2n2c(=S)[nH]nc2n1CCCc1ccccc1,0
CCCCCCCNc1ccc(C(=O)Nc2ccc(C)cc2C(=O)O)cc1,0
O=C(Cc1ccc(F)cc1)NCCCn1c(=O)c2cc(F)ccc2n2c(=S)[nH]nc12,0
CCCn1c(=O)c2cccc(F)c2n2c(=S)[nH]nc12,0
CCCCCCCCc1ccc(CNc2cccc(F)c2C(=O)O)cc1,0
CCCCCCCCc1ccc(C(=O)Nc2cccc(F)c2C(=O)O)cc1,0
O=c1c2ccccc2n2c(=S)[nH]nc2n1Cc1ccc(F)cc1,0
CCCN(C)Cn1nc2n(C)c(=O)c3ccccc3n2c1=S,0
CN(C)c1ccc2c(c1)c(=O)n(CCc1ccccc1)c1n[nH]c(=S)n21,0
CC[C@@H]1c2nnc(C)n2-c2cnc(Nc3ccc(C(=O)NC4CCN(C)CC4)cc3OC)nc2N1Cc1ccoc1,1
CC[C@@H]1c2nnc(C)n2-c2cnc(Nc3ccc(C(=O)NC4CCN(C)CC4)cc3OC)nc2N1Cc1cccs1,1
CC[C@@H]1c2nnc(C)n2-c2cnc(Nc3ccccc3OC)nc2N1Cc1cccc(C(F)(F)F)c1,1
CC[C@@H]1c2nncn2-c2cnc(Nc3ccc(C(=O)NC4CCN(C)CC4)cc3OC)nc2N1Cc1ccc(C(C)(C)C)cc1,0
CC[C@@H]1c2nncn2-c2cnc(Nc3ccc(C(=O)NC4CCN(C)CC4)cc3OC)nc2N1Cc1ccc(OC)c(OC)c1OC,0
CC[C@@H]1c2nncn2-c2cnc(Nc3ccc(C(=O)NC4CCN(C)CC4)cc3OC)nc2N1Cc1cccc(C(F)(F)F)c1,0
Cc1sc(C(=O)N[C@@H]2[C@H](N)CCCC2(F)F)cc1-c1cnn2cc(Cl)cnc12,0
CC[C@@H]1c2nncn2-c2cnc(Nc3ccc(C(=O)NC4CCN(C)CC4)cc3OC)nc2N1Cc1cccc(Br)c1,0
O=c1c2cc(F)ccc2n2c(=S)[nH]nc2n1CCCO,0
COc1ccc(CC(=O)NCCCn2c(=O)c3cc(F)ccc3n3c(=S)[nH]nc23)cc1,0
Cc1cc(Nc2nc(Nc3ccccc3S(=O)(=O)C(C)C)c3c(C)[nH]nc3n2)c(OC(C)C)cc1C1CCN(C)CC1,0
COC(=O)c1sccc1Nc1nc(Nc2ccc(N3CCC(O)CC3)cc2)ncc1[N+](=O)[O-],1
COc1ccc2c(c1)/C(=C\c1ccc3c(/C=C/c4ccc(N5CCN(C)CC5)nc4)n[nH]c3c1)C(=O)N2,0
Cc1ccc2c(c1)/C(=C\c1ccc3c(/C=C/c4ccncc4)n[nH]c3c1)C(=O)N2,0
O=C1Nc2ccc(F)cc2/C1=C\c1ccc2cn[nH]c2c1,0
O=C1Nc2ccccc2/C1=C/c1ccc2[nH]ncc2c1,0
O=C1Nc2ccccc2/C1=C\c1ccc2nn[nH]c2c1,0
COC(=O)c1sccc1Nc1nc(Nc2ccc(N3CCC(N4CCCC4)CC3)cc2OC)ncc1Br,1
CCOc1ccc(CN2c3nc(Nc4ccc(C(=O)NC5CCN(C)CC5)cc4OC)ncc3-n3c(C)nnc3[C@H]2CC)cc1,1
CC[C@@H]1c2nncn2-c2cnc(Nc3ccc(C(=O)NC4CCN(C)CC4)cc3OC)nc2N1Cc1ccsc1,0
CC[C@@H]1C(=O)N(C)c2cnc(Nc3ccc(C(=O)NC4CCN(C)CC4)cc3OC)nc2N1C1CCCC1,1
COc1cc(F)ccc1-c1ccnc(Nc2ccc(S(=O)(=O)Nc3onc(C)c3C)cc2)n1,0
O=c1cc(-c2ccccc2)oc2cc(O)c(O)c(O)c12,0
COc1cc(O)c2c(=O)cc(-c3ccccc3)oc2c1OC,0
N#Cc1cccc(CN2C[C@@H]3C[C@H](C2)c2c(-c4ccc5ccccc5c4)ccc(=O)n2C3)c1,0
CN1CCN(c2ccc(Nc3ncc4c(=O)n([C@@H]5C=CCCC5)n(-c5cccc(C(C)(C)O)n5)c4n3)cc2)CC1,0
CCn1c(=O)c(-c2c(Cl)cccc2Cl)cc2cnc(Nc3ccc(N4CCN(C)CC4)cc3)nc21,0
O=C(CCNC(=O)c1ccc(CO)cc1)N[C@@H](Cc1cnnn1CCc1ccccc1)C(=O)NCc1cn(CCP(=O)(O)O)nn1,0
CC[C@@H]1c2nnc(C)n2-c2cnc(Nc3ccc(C(=O)NC4CCN(C)CC4)cc3OC)nc2N1CC1CCCCC1,1
CC[C@@H]1c2nnc(C)n2-c2cnc(Nc3ccc(C(=O)NC4CCN(C)CC4)cc3OC)nc2N1Cc1ccc(Cl)cc1,1
CNC(=O)C1=CC(CCCN2CCOCC2)[N+](c2ccccc2)=C1C,0
CNC(=O)c1ccc(OC)c2ccccc12,0
CNC(=O)c1ccc(SC)cc1,0
CCCCc1ccc(C(=O)NC)cc1,0
COC(=O)c1sccc1Nc1nc(Nc2cc3c(cc2OC)CCN3C(=O)CN(C)C)ncc1[N+](=O)[O-],1
COC(=O)c1scc(C)c1Nc1nc(Nc2ccc(N3CCC(N4CCCC4)CC3)cc2OC)ncc1[N+](=O)[O-],0
CC[C@@H]1C(=O)N(C)c2cnc(Nc3cc(F)c(C(=O)NC4CCOCC4)cc3OCCO)nc2N1C1CCCC1,1
CC(C)(O)c1cccc(-n2c3nc(Nc4ccc(N5CCN(CCO)CC5)cc4)ncc3c(=O)n2C2C=CCCC2)n1,0
C=CCn1c(=O)c2cnc(Nc3ccc4c(c3)CNCC4(C)C)nc2n1-c1cccc(C(C)(C)O)n1,0
CN1CCN(c2ccc(Nc3ncc4c(=O)n(-c5ccccc5F)n(-c5cccc(C(C)(C)O)n5)c4n3)cc2)CC1,1
CN1CCN(c2ccc(Nc3ncc4c(=O)n(C5CCCC5)n(-c5cccc(C(C)(C)O)n5)c4n3)cc2)CC1,0
CN1CCN(c2ccc(Nc3ncc4c(=O)n(CC5CCC5)n(-c5cccc(C(C)(C)O)n5)c4n3)cc2)CC1,0
COC(=O)c1sccc1Nc1nc(Nc2ccc(N3CCN(C)CC3)cc2OC)ncc1[N+](=O)[O-],1
CC[C@@H]1C(=O)N(C)c2cnc(Nc3ccc(C(=O)N[C@H]4CC[C@H](N5CCN(CC6CC6)CC5)CC4)cc3OC)nc2N1C(C)C,1
COC(=O)c1sccc1Nc1nc(Nc2cc3c(cc2OC)CCN3C(=O)CN(C)C)ncc1Br,1
CC[C@@H]1c2nnc(C)n2-c2cnc(Nc3ccc(C(=O)NC4CCN(C)CC4)cc3OC)nc2N1Cc1ccc(C(C)(C)C)cc1,1
CC[C@@H]1c2nnc(C)n2-c2cnc(Nc3ccc(C(=O)NC4CCN(C)CC4)cc3OC)nc2N1Cc1cccc(Br)c1,1
CC[C@@H]1c2nnc(C)n2-c2cnc(Nc3ccc(C(=O)NC4CCN(C)CC4)cc3OC)nc2N1Cc1ccsc1,1
CC[C@@H]1c2nnc(C)n2-c2cnc(Nc3ccc(C(=O)NC4CCN(C)CC4)cc3OC)nc2N1CC1CCCCC1,1
CCCCCCCCc1ccc(C(=O)Nc2ccc(C(F)(F)F)cc2C(=O)O)cc1,0
C#Cc1nc(Nc2ccc(S(N)(=O)=O)cc2)nc2[nH]cnc12,0
C=CCn1c(=O)c2cnc(Nc3ccc(N4CCN(C)CC4)cc3)nc2n1-c1cccc(C(C)(C)O)n1,1
CC1=C/C(=N/OC(=O)c2ccccc2C)C(C)=CC1=O,0
Cc1onc(-c2ccccc2)c1/C=C1\C(=O)Nc2ccccc21,0
COc1cc2ncn(-c3cc(OCc4ccccc4C(F)(F)F)c(C(N)=O)s3)c2cc1OC,1
COc1cc(F)ccc1-c1ccnc(Nc2ccc(S(=O)(=O)Nc3noc(C)c3C)cc2)n1,0
COC(=O)c1ccsc1Nc1nc(Nc2ccc(N3CCN(C)CC3)cc2)ncc1[N+](=O)[O-],1
CCCCCCCCc1ccc(CNc2cc(C)ccc2C(=O)O)cc1,0
CN1CCN(c2ccc(Nc3ncc4c(=O)n([C@@H]5C=CCCC5)n(-c5cccc(C(C)(C)O)n5)c4n3)cc2)CC1,0
C=CCn1c(=O)c2cnc(Nc3ccc4c(c3)CN(C)CC4)nc2n1-c1cccc(C(F)(F)F)n1,0
CN1CCN(c2ccc(Nc3ncc4c(=O)n(-c5cccc(Cl)c5)n(-c5cccc(C(C)(C)O)n5)c4n3)cc2)CC1,1
CN1CCN(c2ccc(Nc3ncc4c(=O)n(C5C=CCCC5)n(-c5cccc(C(C)(C)O)n5)c4n3)cc2)CC1,0
CN1CCN(c2ccc(Nc3ncc4c(=O)n(C)n(-c5cccc(C(C)(C)O)n5)c4n3)cc2)CC1,1
CN1Cc2ccc(Nc3ncc4c(=O)c(-c5c(Cl)cccc5Cl)cn(C)c4n3)cc2C1,0
CC[C@@H]1c2nnc(C)n2-c2cnc(Nc3ccc(C(=O)NC4CCN(C)CC4)cc3OC)nc2N1CC1CCCCC1,1
CS(=O)(=O)N1CCC2(CC1)N=C(c1ccc(Br)cc1)C(=O)N2,0
CCCCCCCCCC1=CO[C@]2(C[C@H](C(=O)O)[C@@](CC(=O)O)(C(=O)OCCCC)O2)C1=O,0
COc1ccccc1-n1c(=O)c2cnc(Nc3ccc4c(c3)CN(C)CC4(C)C)nc2n1-c1cccc(C(C)(C)O)n1,0
CN1CCC(c2ccc(Nc3ncc4c(=O)n(C5C=CCCC5)n(-c5cccc(C(C)(C)O)n5)c4n3)cc2)CC1,0
CCCCCCCSc1ccc(C(=O)Nc2ccc(C)cc2C(=O)O)cc1,0
Cc1c2c(cc[n+]1Cc1ccccc1)c1ccc(OCc3ccccc3)cc1n2Cc1ccccc1.[Br-],1
CCCCCc1ccc(C(=O)Nc2ccccc2C(=O)O)cc1,0
CCCCCCCCNc1ccc(C(=O)Nc2ccc(C)cc2C(=O)O)cc1,0
Cc1ccc(NC(=S)NCCNc2nccc(C(F)(F)F)n2)c(C)c1,0
CCOc1cc(N2CCC(O)CC2)ccc1Nc1ncc2c(n1)N(C1CCCC1)CCC(=O)N2C,1
C=CCn1c(=O)c2cnc(Nc3ccc(C4(C)CCN(C)CC4)cc3)nc2n1-c1cccc(C(C)(C)O)n1,0
CC1(C)CNCc2cc(Nc3ncc4c(=O)n(-c5c(Cl)cccc5Cl)ccc4n3)ccc21,0
CCCCCCCNc1ccc(C(=O)Nc2ccccc2C(=O)O)cc1,0
COc1ccccc1-n1c(=O)c2cnc(Nc3ccc4c(c3)CNCC4(C)C)nc2n1-c1cccc(C(C)(C)O)n1,0
CN1CCC(c2ccc(Nc3ncc4c(=O)n(C5CCCC5)n(-c5cccc(C(C)(C)O)n5)c4n3)cc2)CC1,0
C=CCn1c(=O)c2cnc(Nc3ccc4c(c3)CN(C)CC4)nc2n1-c1cccc(C)n1,0
CN1CCN(c2ccc(Nc3ncc4c(=O)n(C5CCCCC5)n(-c5cccc(C(C)(C)O)n5)c4n3)cc2)CC1,0
COCCn1c(=O)c2cnc(Nc3ccc(N4CCN(C)CC4)cc3)nc2n1-c1cccc(C(C)(C)O)n1,0
CCOc1ccc(CN2c3nc(Nc4ccc(C(=O)NC5CCN(C)CC5)cc4OC)ncc3-n3cnnc3[C@H]2CC)cc1,0
CN1CCc2ccc(Nc3ncc4c(=O)n(C5C=CCCC5)n(-c5cccc(C(C)(C)O)n5)c4n3)cc2C1,0
CCCCCCCCCC1=CO[C@]2(C[C@H](C(=O)O)[C@@](CC(=O)O)(C(=O)O)O2)C1=O,0
CCCCn1c2cc(OCc3ccc(F)cc3)ccc2c2cc[n+](Cc3ccccc3)c(C)c21.[Br-],1
CCCCCCCCCCc1ccc(C(=O)Nc2ccc(C)cc2C(=O)O)cc1,0
CCCCCCCCNc1ccc(C(=O)Nc2cc(C)ccc2C(=O)O)cc1,0
CCCCCCCCSc1ccc(C(=O)Nc2cc(C)ccc2C(=O)O)cc1,0
CCCCCCCCCCCCc1ccc(C(=O)Nc2ccc(C)cc2C(=O)O)cc1,0
C/C=C/n1c(=O)c2cnc(Nc3ccc(CN4CCOCC4)cc3)nc2n1-c1cccc(C(C)(C)O)n1,0
CN1CCN(c2ccc(Nc3ncc4c(=O)n(-c5cccc(C#N)c5)n(-c5cccc(C(C)(C)O)n5)c4n3)cc2)CC1,1
Cc1c2c(cc[n+]1Cc1ccccc1)c1ccc(OCc3ccc(F)cc3)cc1n2CCCc1ccccc1.[Br-],1
C=CCn1c(=O)c2cnc(Nc3ccc4c(c3)CN(C)CC4)cc2n1-c1cc(C(C)(C)O)ccn1,0
CCCCCCCCc1ccc(C(=O)Nc2cccc(C(F)(F)F)c2C(=O)O)cc1,0
COc1ncc2cc3cnccc3c([N+](=O)[O-])c2n1,1
CN1CCN(c2ccc(Nc3ncc4c(=O)n(-c5ccccc5)n(-c5cccc(C(C)(C)O)n5)c4n3)cc2)CC1,0
CN1CCN(c2ccc(Nc3ncc4c(=O)n([C@H]5C=CCCC5)n(-c5cccc(C(C)(C)O)n5)c4n3)cc2)CC1,0
COC(=O)c1scc(C)c1Nc1nc(Nc2ccc(N3CCC(N(C)C)CC3)cc2OC)ncc1[N+](=O)[O-],0
COC(=O)c1sccc1Nc1nc(Nc2cc3c(cc2OC)CCN3C(=O)CN(C)C)ncc1C,1
CCOC(=O)c1oc2ccccc2c1CBr,0
COC(=O)c1scc(C)c1Nc1nc(Nc2cc3c(cc2OC)CCN3C(=O)CN(C)C)ncc1[N+](=O)[O-],1
CCCn1c(=O)c2cnc(Nc3ccc(N4CCN(C)CC4)cc3)nc2n1-c1cccc(C(C)(C)O)n1,1
CC1=CC(=O)C(C(C)C)=C/C1=N/OC(=O)c1ccccc1C,0
CCCCCCCCCc1ccc(C(=O)Nc2ccc(C)cc2C(=O)O)cc1,0
CCCCCCCCCCCCc1ccc(C(=O)Nc2cc(C)ccc2C(=O)O)cc1,0
CC[C@@H]1C(=O)N(C)c2cnc(Nc3ccc(C(=O)NC4CCN(C)CC4)cc3OC)nc2N1C1CCCC1,1
C[C@H](CC(=O)N[C@H](C(=O)N[C@@H](CO)C(=O)N[C@H](C(N)=O)[C@@H](C)OP(=O)(O)O)c1cncs1)NC(=O)c1ccc(CO)cc1,1
CCCCCCc1ccc(C(=O)Nc2ccccc2C(=O)O)cc1,0
C=CCn1c(=O)c2cnc(Nc3ccc(N4CCN(C)CC4)cc3)nc2n1-c1cccc(C(C)(C)O)n1,1
CC1=C/C(=N/OC(=O)c2ccc(CNC(=O)CCc3cn(CCCCCCOCCOCCNC(=O)CC45CC6CC(CC(C6)C4)C5)nn3)cc2C)C(C)=CC1=O,0
COc1c2c(cc3c1C(CC(=O)c1ccccn1)[N+](C)(C)CC3)OCO2.[I-],0
COc1ccc2c3cc[n+](CCCc4ccccc4)c(C)c3n(Cc3cccc(Cl)c3)c2c1.[Br-],1
COc1cc(C(=O)NC2CCN(C)CC2)c(F)cc1Nc1ncc2c(n1)N(C1CCCC1)CC(F)(F)C(=O)N2C,1
CN1CCc2cc(Nc3ncc4c(=O)n(C5C=CCCC5)n(-c5cccc(C(C)(C)O)n5)c4n3)ccc2C1,0
C=CCn1c(=O)c2cnc(Nc3ccc4c(c3)CN(C)CC4(C)C)nc2n1-c1cccc(C(C)(C)O)n1,0
Cc1cccc(-n2c(=O)c3cnc(Nc4ccc(N5CCN(C)CC5)cc4)nc3n2-c2cccc(C(C)(C)O)n2)c1,0
CN1CCN(c2ccc(Nc3ncc4c(=O)n([C@@H]5C=CCC5)n(-c5cccc(C(C)(C)O)n5)c4n3)cc2)CC1,0
CN1CCN(c2ccc(OC(F)(F)F)c(Nc3ncc4c(n3)-c3c(c(C(N)=O)nn3CCO)CC4)c2)CC1,1
C=CCn1c(=O)c2cnc(Nc3ccc(N4CCN(C)CC4)c4ccn(C)c34)nc2n1-c1cccc(C(C)(C)O)n1,1
COc1ccccc1-n1c(=O)c2cnc(Nc3ccc4c(c3)CN(C)CC4)nc2n1-c1cccc(C(C)(C)O)n1,0
CC(C)(O)c1cccc(-n2c3nc(Nc4ccc5c(c4)NCCC5(C)C)ncc3c(=O)n2-c2ccccc2F)n1,0
CC(C)n1c(=O)c2cnc(Nc3ccc(N4CCN(C)CC4)cc3)nc2n1-c1cccc(C(C)(C)O)n1,1
CN1CCN(c2ccc(Nc3ncc4c(=O)[nH]n(-c5cccc(C(C)(C)O)n5)c4n3)cc2)CC1,0
Cc1cc(Nc2ncc3c(n2)N2CCN=C2N(c2c(Cl)cccc2Cl)C3=O)cc(F)c1N1CCC(N(C)C)CC1,0
CCCCCCCCSc1ccc(C(=O)Nc2ccc(C)cc2C(=O)O)cc1,0
CC[C@@H]1C(=O)N(C)c2cnc(N(C)c3ccc(-c4nc5c(C(N)=O)cccc5[nH]4)cc3OC)nc2N1C1CCCC1,0
CCCCCCCCc1ccc(C(=O)Nc2ccc(OC)cc2C(=O)O)cc1,0
C[C@@]12CN(Cc3cccc(C#N)c3)C[C@@](C)(C1)c1c(-c3ccc4ccccc4c3)ccc(=O)n1C2,0
Cc1ccccc1-n1c(=O)c2cnc(Nc3ccc(N4CCN(C)CC4)cc3)nc2n1-c1cccc(C(C)(C)O)n1,0
